-- =====================================================================
-- SEED: тестовые данные для проверки RLS и полноты экранов.
-- Два ученика в РАЗНЫХ группах → проверяем изоляцию (A не видит данные B).
-- Реалистичные данные за май–июнь 2026: посещаемость, ДЗ, оценки.
--
-- Логины: Adilbek_07 / Dilnoza_09   Пароль у обоих: password123
-- =====================================================================

create extension if not exists pgcrypto;

-- =====================================================================
-- AUTH
-- =====================================================================

insert into auth.users (
  instance_id, id, aud, role, email,
  encrypted_password, email_confirmed_at,
  raw_app_meta_data, raw_user_meta_data,
  created_at, updated_at,
  confirmation_token, recovery_token, email_change_token_new, email_change,
  phone_change, phone_change_token, email_change_token_current, reauthentication_token
) values
  ('00000000-0000-0000-0000-000000000000',
   '11111111-1111-1111-1111-111111111111', 'authenticated', 'authenticated',
   'adilbek_07@students.snr.local',
   crypt('password123', gen_salt('bf')), now(),
   '{"provider":"email","providers":["email"]}'::jsonb, '{}'::jsonb,
   now(), now(), '', '', '', '', '', '', '', ''),
  ('00000000-0000-0000-0000-000000000000',
   '22222222-2222-2222-2222-222222222222', 'authenticated', 'authenticated',
   'dilnoza_09@students.snr.local',
   crypt('password123', gen_salt('bf')), now(),
   '{"provider":"email","providers":["email"]}'::jsonb, '{}'::jsonb,
   now(), now(), '', '', '', '', '', '', '', '')
on conflict (id) do nothing;

insert into auth.identities (
  id, user_id, provider_id, identity_data, provider,
  last_sign_in_at, created_at, updated_at
) values
  (gen_random_uuid(), '11111111-1111-1111-1111-111111111111',
   'adilbek_07@students.snr.local',
   '{"sub":"11111111-1111-1111-1111-111111111111","email":"adilbek_07@students.snr.local"}'::jsonb,
   'email', now(), now(), now()),
  (gen_random_uuid(), '22222222-2222-2222-2222-222222222222',
   'dilnoza_09@students.snr.local',
   '{"sub":"22222222-2222-2222-2222-222222222222","email":"dilnoza_09@students.snr.local"}'::jsonb,
   'email', now(), now(), now())
on conflict do nothing;

-- =====================================================================
-- ПРЕПОДАВАТЕЛИ
-- =====================================================================

insert into public.teachers (id, full_name) values
  ('cccccccc-cccc-cccc-cccc-cccccccccccc', 'Иван Петрович'),
  ('dddddddd-dddd-dddd-dddd-dddddddddddd', 'Елена Смирнова'),
  ('eeeeeeee-eeee-eeee-eeee-eeeeeeeeeeee', 'Ахмад Алишер');

-- =====================================================================
-- ГРУППЫ (Адилбек: A,C,D,E  |  Дилноза: B,F,G,H)
-- =====================================================================

insert into public.groups (id, name, subject, teacher_id, course_price, schedule_days) values
  ('a0000000-0000-0000-0000-000000000000', 'Робототехника 7А', 'robotics',    'cccccccc-cccc-cccc-cccc-cccccccccccc', 1500000, 'Пн, Ср'),
  ('b0000000-0000-0000-0000-000000000000', 'Математика 9Б',    'math',        'cccccccc-cccc-cccc-cccc-cccccccccccc', 1200000, 'Пн, Ср'),
  ('c0000000-0000-0000-0000-000000000000', 'Математика 7А',    'math',        'cccccccc-cccc-cccc-cccc-cccccccccccc', 1000000, 'Вт, Чт'),
  ('d0000000-0000-0000-0000-000000000000', 'Английский 7А',    'english',     'dddddddd-dddd-dddd-dddd-dddddddddddd',  800000, 'Вт, Чт'),
  ('e0000000-0000-0000-0000-000000000000', 'Информатика 7А',   'informatics', 'eeeeeeee-eeee-eeee-eeee-eeeeeeeeeeee',  900000, 'Ср, Пт'),
  ('f0000000-0000-0000-0000-000000000000', 'Английский 9Б',    'english',     'dddddddd-dddd-dddd-dddd-dddddddddddd',  900000, 'Вт, Чт'),
  ('a1000000-0000-0000-0000-000000000000', 'Информатика 9Б',   'informatics', 'eeeeeeee-eeee-eeee-eeee-eeeeeeeeeeee', 1100000, 'Ср, Пт'),
  ('a2000000-0000-0000-0000-000000000000', 'Химия 9Б',         'chemistry',   'cccccccc-cccc-cccc-cccc-cccccccccccc', 1000000, 'Пн, Чт');

-- =====================================================================
-- УЧЕНИКИ
-- =====================================================================

insert into public.students (id, user_id, username, full_name, grade, status, balance, curator_id) values
  ('a1111111-1111-1111-1111-111111111111', '11111111-1111-1111-1111-111111111111',
   'Adilbek_07', 'Адилбек Рахимов', '7 класс', 'active', 750000,
   'cccccccc-cccc-cccc-cccc-cccccccccccc'),
  ('b2222222-2222-2222-2222-222222222222', '22222222-2222-2222-2222-222222222222',
   'Dilnoza_09', 'Дилноза Каримова', '9 класс', 'debtor', -250000,
   'cccccccc-cccc-cccc-cccc-cccccccccccc');

-- =====================================================================
-- ЗАЧИСЛЕНИЕ В ГРУППЫ
-- =====================================================================

insert into public.student_groups (student_id, group_id) values
  -- Адилбек: робототехника + математика + английский + информатика
  ('a1111111-1111-1111-1111-111111111111', 'a0000000-0000-0000-0000-000000000000'),
  ('a1111111-1111-1111-1111-111111111111', 'c0000000-0000-0000-0000-000000000000'),
  ('a1111111-1111-1111-1111-111111111111', 'd0000000-0000-0000-0000-000000000000'),
  ('a1111111-1111-1111-1111-111111111111', 'e0000000-0000-0000-0000-000000000000'),
  -- Дилноза: математика + английский + информатика + химия
  ('b2222222-2222-2222-2222-222222222222', 'b0000000-0000-0000-0000-000000000000'),
  ('b2222222-2222-2222-2222-222222222222', 'f0000000-0000-0000-0000-000000000000'),
  ('b2222222-2222-2222-2222-222222222222', 'a1000000-0000-0000-0000-000000000000'),
  ('b2222222-2222-2222-2222-222222222222', 'a2000000-0000-0000-0000-000000000000');

-- =====================================================================
-- УРОКИ  (6 прошлых "completed" + 2 будущих "scheduled" на группу)
-- Расписание (Ташкент UTC+5):
--   A  Робот. пн 10:00  =  05:00 UTC
--   B  Мат9Б  пн 14:00  =  09:00 UTC
--   C  Мат7А  ср 10:00  =  05:00 UTC
--   D  Англ7А вт 14:00  =  09:00 UTC
--   E  Инф7А  чт 14:00  =  09:00 UTC
--   F  Англ9Б вт 10:00  =  05:00 UTC
--   G  Инф9Б  ср 14:00  =  09:00 UTC
--   H  Хим9Б  чт 10:00  =  05:00 UTC
-- =====================================================================

insert into public.lessons (id, group_id, lesson_no, topic, starts_at, ends_at, room, status) values

  -- ── Группа A: Робототехника 7А (пн) ─────────────────────────────
  ('aa000001-0000-0000-0000-000000000000','a0000000-0000-0000-0000-000000000000',1,'Введение в Arduino',              '2026-05-04T05:00:00Z','2026-05-04T06:30:00Z','305','done'),
  ('aa000002-0000-0000-0000-000000000000','a0000000-0000-0000-0000-000000000000',2,'Цифровые сигналы',                '2026-05-11T05:00:00Z','2026-05-11T06:30:00Z','305','done'),
  ('aa000003-0000-0000-0000-000000000000','a0000000-0000-0000-0000-000000000000',3,'Сенсоры и датчики',               '2026-05-18T05:00:00Z','2026-05-18T06:30:00Z','305','done'),
  ('aa000004-0000-0000-0000-000000000000','a0000000-0000-0000-0000-000000000000',4,'Управление мотором',              '2026-05-25T05:00:00Z','2026-05-25T06:30:00Z','305','done'),
  ('aa000005-0000-0000-0000-000000000000','a0000000-0000-0000-0000-000000000000',5,'Протокол I2C',                    '2026-06-01T05:00:00Z','2026-06-01T06:30:00Z','305','done'),
  ('aa000006-0000-0000-0000-000000000000','a0000000-0000-0000-0000-000000000000',6,'Беспроводная связь RF',           '2026-06-08T05:00:00Z','2026-06-08T06:30:00Z','305','done'),
  ('aa000007-0000-0000-0000-000000000000','a0000000-0000-0000-0000-000000000000',7,'Автономный робот',                '2026-06-15T05:00:00Z','2026-06-15T06:30:00Z','305','scheduled'),
  ('aa000008-0000-0000-0000-000000000000','a0000000-0000-0000-0000-000000000000',8,'Практика: объезд препятствий',    '2026-06-22T05:00:00Z','2026-06-22T06:30:00Z','305','scheduled'),

  -- ── Группа B: Математика 9Б (пн) ─────────────────────────────────
  ('bb000001-0000-0000-0000-000000000000','b0000000-0000-0000-0000-000000000000',1,'Тригонометрические функции',      '2026-05-04T09:00:00Z','2026-05-04T10:30:00Z','301','done'),
  ('bb000002-0000-0000-0000-000000000000','b0000000-0000-0000-0000-000000000000',2,'Уравнения тригонометрии',         '2026-05-11T09:00:00Z','2026-05-11T10:30:00Z','301','done'),
  ('bb000003-0000-0000-0000-000000000000','b0000000-0000-0000-0000-000000000000',3,'Производная функции',             '2026-05-18T09:00:00Z','2026-05-18T10:30:00Z','301','done'),
  ('bb000004-0000-0000-0000-000000000000','b0000000-0000-0000-0000-000000000000',4,'Правила дифференцирования',       '2026-05-25T09:00:00Z','2026-05-25T10:30:00Z','301','done'),
  ('bb000005-0000-0000-0000-000000000000','b0000000-0000-0000-0000-000000000000',5,'Интеграл — введение',             '2026-06-01T09:00:00Z','2026-06-01T10:30:00Z','301','done'),
  ('bb000006-0000-0000-0000-000000000000','b0000000-0000-0000-0000-000000000000',6,'Неопределённый интеграл',         '2026-06-08T09:00:00Z','2026-06-08T10:30:00Z','301','done'),
  ('bb000007-0000-0000-0000-000000000000','b0000000-0000-0000-0000-000000000000',7,'Определённый интеграл',           '2026-06-15T09:00:00Z','2026-06-15T10:30:00Z','301','scheduled'),
  ('bb000008-0000-0000-0000-000000000000','b0000000-0000-0000-0000-000000000000',8,'Применение интегралов',           '2026-06-22T09:00:00Z','2026-06-22T10:30:00Z','301','scheduled'),

  -- ── Группа C: Математика 7А (ср) ─────────────────────────────────
  ('cc000001-0000-0000-0000-000000000000','c0000000-0000-0000-0000-000000000000',1,'Уравнения с двумя неизвестными',  '2026-05-06T05:00:00Z','2026-05-06T06:30:00Z','302','done'),
  ('cc000002-0000-0000-0000-000000000000','c0000000-0000-0000-0000-000000000000',2,'Системы уравнений',               '2026-05-13T05:00:00Z','2026-05-13T06:30:00Z','302','done'),
  ('cc000003-0000-0000-0000-000000000000','c0000000-0000-0000-0000-000000000000',3,'Функция и её свойства',           '2026-05-20T05:00:00Z','2026-05-20T06:30:00Z','302','done'),
  ('cc000004-0000-0000-0000-000000000000','c0000000-0000-0000-0000-000000000000',4,'Линейная функция',                '2026-05-27T05:00:00Z','2026-05-27T06:30:00Z','302','done'),
  ('cc000005-0000-0000-0000-000000000000','c0000000-0000-0000-0000-000000000000',5,'Квадратная функция',              '2026-06-03T05:00:00Z','2026-06-03T06:30:00Z','302','done'),
  ('cc000006-0000-0000-0000-000000000000','c0000000-0000-0000-0000-000000000000',6,'Дробно-рациональная функция',     '2026-06-10T05:00:00Z','2026-06-10T06:30:00Z','302','done'),
  ('cc000007-0000-0000-0000-000000000000','c0000000-0000-0000-0000-000000000000',7,'Степенная функция',               '2026-06-17T05:00:00Z','2026-06-17T06:30:00Z','302','scheduled'),
  ('cc000008-0000-0000-0000-000000000000','c0000000-0000-0000-0000-000000000000',8,'Контрольная работа',              '2026-06-24T05:00:00Z','2026-06-24T06:30:00Z','302','scheduled'),

  -- ── Группа D: Английский 7А (вт) ─────────────────────────────────
  ('dd000001-0000-0000-0000-000000000000','d0000000-0000-0000-0000-000000000000',1,'Present Perfect tense',           '2026-05-05T09:00:00Z','2026-05-05T10:30:00Z','303','done'),
  ('dd000002-0000-0000-0000-000000000000','d0000000-0000-0000-0000-000000000000',2,'Reported speech',                 '2026-05-12T09:00:00Z','2026-05-12T10:30:00Z','303','done'),
  ('dd000003-0000-0000-0000-000000000000','d0000000-0000-0000-0000-000000000000',3,'Conditionals types 1 & 2',        '2026-05-19T09:00:00Z','2026-05-19T10:30:00Z','303','done'),
  ('dd000004-0000-0000-0000-000000000000','d0000000-0000-0000-0000-000000000000',4,'Passive voice',                   '2026-05-26T09:00:00Z','2026-05-26T10:30:00Z','303','done'),
  ('dd000005-0000-0000-0000-000000000000','d0000000-0000-0000-0000-000000000000',5,'Vocabulary: Future plans',        '2026-06-02T09:00:00Z','2026-06-02T10:30:00Z','303','done'),
  ('dd000006-0000-0000-0000-000000000000','d0000000-0000-0000-0000-000000000000',6,'Writing: Essay structure',        '2026-06-09T09:00:00Z','2026-06-09T10:30:00Z','303','done'),
  ('dd000007-0000-0000-0000-000000000000','d0000000-0000-0000-0000-000000000000',7,'Speaking: My future career',      '2026-06-16T09:00:00Z','2026-06-16T10:30:00Z','303','scheduled'),
  ('dd000008-0000-0000-0000-000000000000','d0000000-0000-0000-0000-000000000000',8,'Reading comprehension',           '2026-06-23T09:00:00Z','2026-06-23T10:30:00Z','303','scheduled'),

  -- ── Группа E: Информатика 7А (чт) ────────────────────────────────
  ('ee000001-0000-0000-0000-000000000000','e0000000-0000-0000-0000-000000000000',1,'Введение в Python',               '2026-05-07T09:00:00Z','2026-05-07T10:30:00Z','304','done'),
  ('ee000002-0000-0000-0000-000000000000','e0000000-0000-0000-0000-000000000000',2,'Переменные и типы данных',        '2026-05-14T09:00:00Z','2026-05-14T10:30:00Z','304','done'),
  ('ee000003-0000-0000-0000-000000000000','e0000000-0000-0000-0000-000000000000',3,'Условия и циклы',                 '2026-05-21T09:00:00Z','2026-05-21T10:30:00Z','304','done'),
  ('ee000004-0000-0000-0000-000000000000','e0000000-0000-0000-0000-000000000000',4,'Функции',                         '2026-05-28T09:00:00Z','2026-05-28T10:30:00Z','304','done'),
  ('ee000005-0000-0000-0000-000000000000','e0000000-0000-0000-0000-000000000000',5,'Списки и словари',                '2026-06-04T09:00:00Z','2026-06-04T10:30:00Z','304','done'),
  ('ee000006-0000-0000-0000-000000000000','e0000000-0000-0000-0000-000000000000',6,'Алгоритмы сортировки',            '2026-06-11T09:00:00Z','2026-06-11T10:30:00Z','304','done'),
  ('ee000007-0000-0000-0000-000000000000','e0000000-0000-0000-0000-000000000000',7,'Алгоритмы поиска',                '2026-06-18T09:00:00Z','2026-06-18T10:30:00Z','304','scheduled'),
  ('ee000008-0000-0000-0000-000000000000','e0000000-0000-0000-0000-000000000000',8,'Практика: граф Дейкстры',         '2026-06-25T09:00:00Z','2026-06-25T10:30:00Z','304','scheduled'),

  -- ── Группа F: Английский 9Б (вт) ─────────────────────────────────
  ('ff000001-0000-0000-0000-000000000000','f0000000-0000-0000-0000-000000000000',1,'Advanced grammar review',         '2026-05-05T05:00:00Z','2026-05-05T06:30:00Z','303','done'),
  ('ff000002-0000-0000-0000-000000000000','f0000000-0000-0000-0000-000000000000',2,'Reading strategies',              '2026-05-12T05:00:00Z','2026-05-12T06:30:00Z','303','done'),
  ('ff000003-0000-0000-0000-000000000000','f0000000-0000-0000-0000-000000000000',3,'Academic writing',                '2026-05-19T05:00:00Z','2026-05-19T06:30:00Z','303','done'),
  ('ff000004-0000-0000-0000-000000000000','f0000000-0000-0000-0000-000000000000',4,'Presentation skills',             '2026-05-26T05:00:00Z','2026-05-26T06:30:00Z','303','done'),
  ('ff000005-0000-0000-0000-000000000000','f0000000-0000-0000-0000-000000000000',5,'Environment vocabulary',          '2026-06-02T05:00:00Z','2026-06-02T06:30:00Z','303','done'),
  ('ff000006-0000-0000-0000-000000000000','f0000000-0000-0000-0000-000000000000',6,'Debate and discussion',           '2026-06-09T05:00:00Z','2026-06-09T06:30:00Z','303','done'),
  ('ff000007-0000-0000-0000-000000000000','f0000000-0000-0000-0000-000000000000',7,'Mock exam prep',                  '2026-06-16T05:00:00Z','2026-06-16T06:30:00Z','303','scheduled'),
  ('ff000008-0000-0000-0000-000000000000','f0000000-0000-0000-0000-000000000000',8,'Speaking test practice',          '2026-06-23T05:00:00Z','2026-06-23T06:30:00Z','303','scheduled'),

  -- ── Группа G (a1): Информатика 9Б (ср) ───────────────────────────
  ('a1100001-0000-0000-0000-000000000000','a1000000-0000-0000-0000-000000000000',1,'ООП: классы и объекты',           '2026-05-06T09:00:00Z','2026-05-06T10:30:00Z','304','done'),
  ('a1100002-0000-0000-0000-000000000000','a1000000-0000-0000-0000-000000000000',2,'Наследование',                    '2026-05-13T09:00:00Z','2026-05-13T10:30:00Z','304','done'),
  ('a1100003-0000-0000-0000-000000000000','a1000000-0000-0000-0000-000000000000',3,'Полиморфизм',                     '2026-05-20T09:00:00Z','2026-05-20T10:30:00Z','304','done'),
  ('a1100004-0000-0000-0000-000000000000','a1000000-0000-0000-0000-000000000000',4,'Исключения и обработка ошибок',   '2026-05-27T09:00:00Z','2026-05-27T10:30:00Z','304','done'),
  ('a1100005-0000-0000-0000-000000000000','a1000000-0000-0000-0000-000000000000',5,'Работа с файлами',                '2026-06-03T09:00:00Z','2026-06-03T10:30:00Z','304','done'),
  ('a1100006-0000-0000-0000-000000000000','a1000000-0000-0000-0000-000000000000',6,'SQL и базы данных',               '2026-06-10T09:00:00Z','2026-06-10T10:30:00Z','304','done'),
  ('a1100007-0000-0000-0000-000000000000','a1000000-0000-0000-0000-000000000000',7,'Сетевое программирование',        '2026-06-17T09:00:00Z','2026-06-17T10:30:00Z','304','scheduled'),
  ('a1100008-0000-0000-0000-000000000000','a1000000-0000-0000-0000-000000000000',8,'Итоговый проект',                 '2026-06-24T09:00:00Z','2026-06-24T10:30:00Z','304','scheduled'),

  -- ── Группа H (a2): Химия 9Б (чт) ────────────────────────────────
  ('a2100001-0000-0000-0000-000000000000','a2000000-0000-0000-0000-000000000000',1,'Строение атома',                  '2026-05-07T05:00:00Z','2026-05-07T06:30:00Z','306','done'),
  ('a2100002-0000-0000-0000-000000000000','a2000000-0000-0000-0000-000000000000',2,'Периодическая таблица',           '2026-05-14T05:00:00Z','2026-05-14T06:30:00Z','306','done'),
  ('a2100003-0000-0000-0000-000000000000','a2000000-0000-0000-0000-000000000000',3,'Химические связи',                '2026-05-21T05:00:00Z','2026-05-21T06:30:00Z','306','done'),
  ('a2100004-0000-0000-0000-000000000000','a2000000-0000-0000-0000-000000000000',4,'Окислит.-восстановит. реакции',   '2026-05-28T05:00:00Z','2026-05-28T06:30:00Z','306','done'),
  ('a2100005-0000-0000-0000-000000000000','a2000000-0000-0000-0000-000000000000',5,'Кислоты и основания',             '2026-06-04T05:00:00Z','2026-06-04T06:30:00Z','306','done'),
  ('a2100006-0000-0000-0000-000000000000','a2000000-0000-0000-0000-000000000000',6,'Соли и их свойства',              '2026-06-11T05:00:00Z','2026-06-11T06:30:00Z','306','done'),
  ('a2100007-0000-0000-0000-000000000000','a2000000-0000-0000-0000-000000000000',7,'Органическая химия',              '2026-06-18T05:00:00Z','2026-06-18T06:30:00Z','306','scheduled'),
  ('a2100008-0000-0000-0000-000000000000','a2000000-0000-0000-0000-000000000000',8,'Итоговая контрольная',            '2026-06-25T05:00:00Z','2026-06-25T06:30:00Z','306','scheduled');

-- =====================================================================
-- ПОСЕЩАЕМОСТЬ (только прошлые уроки 1–6)
-- Адилбек: ~83% общая  |  Дилноза: ~75% общая
-- late = присутствовал с опозданием (считается как явка)
-- =====================================================================

insert into public.attendance (student_id, lesson_id, status) values

  -- ── Адилбек, Робототехника (A) — 5 present + 1 absent = 83% ─────
  ('a1111111-1111-1111-1111-111111111111','aa000001-0000-0000-0000-000000000000','present'),
  ('a1111111-1111-1111-1111-111111111111','aa000002-0000-0000-0000-000000000000','present'),
  ('a1111111-1111-1111-1111-111111111111','aa000003-0000-0000-0000-000000000000','present'),
  ('a1111111-1111-1111-1111-111111111111','aa000004-0000-0000-0000-000000000000','absent'),
  ('a1111111-1111-1111-1111-111111111111','aa000005-0000-0000-0000-000000000000','present'),
  ('a1111111-1111-1111-1111-111111111111','aa000006-0000-0000-0000-000000000000','present'),

  -- ── Адилбек, Математика 7А (C) — 4 present + 1 late + 1 absent = 83% ─
  ('a1111111-1111-1111-1111-111111111111','cc000001-0000-0000-0000-000000000000','present'),
  ('a1111111-1111-1111-1111-111111111111','cc000002-0000-0000-0000-000000000000','late'),
  ('a1111111-1111-1111-1111-111111111111','cc000003-0000-0000-0000-000000000000','present'),
  ('a1111111-1111-1111-1111-111111111111','cc000004-0000-0000-0000-000000000000','present'),
  ('a1111111-1111-1111-1111-111111111111','cc000005-0000-0000-0000-000000000000','absent'),
  ('a1111111-1111-1111-1111-111111111111','cc000006-0000-0000-0000-000000000000','present'),

  -- ── Адилбек, Английский 7А (D) — 5 present + 1 late = 100% ──────
  ('a1111111-1111-1111-1111-111111111111','dd000001-0000-0000-0000-000000000000','present'),
  ('a1111111-1111-1111-1111-111111111111','dd000002-0000-0000-0000-000000000000','present'),
  ('a1111111-1111-1111-1111-111111111111','dd000003-0000-0000-0000-000000000000','late'),
  ('a1111111-1111-1111-1111-111111111111','dd000004-0000-0000-0000-000000000000','present'),
  ('a1111111-1111-1111-1111-111111111111','dd000005-0000-0000-0000-000000000000','present'),
  ('a1111111-1111-1111-1111-111111111111','dd000006-0000-0000-0000-000000000000','present'),

  -- ── Адилбек, Информатика 7А (E) — 3 present + 1 late + 1 absent + 1 present = 67% ─
  ('a1111111-1111-1111-1111-111111111111','ee000001-0000-0000-0000-000000000000','present'),
  ('a1111111-1111-1111-1111-111111111111','ee000002-0000-0000-0000-000000000000','present'),
  ('a1111111-1111-1111-1111-111111111111','ee000003-0000-0000-0000-000000000000','absent'),
  ('a1111111-1111-1111-1111-111111111111','ee000004-0000-0000-0000-000000000000','late'),
  ('a1111111-1111-1111-1111-111111111111','ee000005-0000-0000-0000-000000000000','present'),
  ('a1111111-1111-1111-1111-111111111111','ee000006-0000-0000-0000-000000000000','present'),

  -- ── Дилноза, Математика 9Б (B) — 3 present + 1 late + 2 absent = 67% ─
  ('b2222222-2222-2222-2222-222222222222','bb000001-0000-0000-0000-000000000000','present'),
  ('b2222222-2222-2222-2222-222222222222','bb000002-0000-0000-0000-000000000000','absent'),
  ('b2222222-2222-2222-2222-222222222222','bb000003-0000-0000-0000-000000000000','late'),
  ('b2222222-2222-2222-2222-222222222222','bb000004-0000-0000-0000-000000000000','absent'),
  ('b2222222-2222-2222-2222-222222222222','bb000005-0000-0000-0000-000000000000','present'),
  ('b2222222-2222-2222-2222-222222222222','bb000006-0000-0000-0000-000000000000','present'),

  -- ── Дилноза, Английский 9Б (F) — 5 present + 1 late = 100% ──────
  ('b2222222-2222-2222-2222-222222222222','ff000001-0000-0000-0000-000000000000','present'),
  ('b2222222-2222-2222-2222-222222222222','ff000002-0000-0000-0000-000000000000','present'),
  ('b2222222-2222-2222-2222-222222222222','ff000003-0000-0000-0000-000000000000','late'),
  ('b2222222-2222-2222-2222-222222222222','ff000004-0000-0000-0000-000000000000','present'),
  ('b2222222-2222-2222-2222-222222222222','ff000005-0000-0000-0000-000000000000','present'),
  ('b2222222-2222-2222-2222-222222222222','ff000006-0000-0000-0000-000000000000','present'),

  -- ── Дилноза, Информатика 9Б (G) — 5 present + 1 absent = 83% ────
  ('b2222222-2222-2222-2222-222222222222','a1100001-0000-0000-0000-000000000000','present'),
  ('b2222222-2222-2222-2222-222222222222','a1100002-0000-0000-0000-000000000000','present'),
  ('b2222222-2222-2222-2222-222222222222','a1100003-0000-0000-0000-000000000000','present'),
  ('b2222222-2222-2222-2222-222222222222','a1100004-0000-0000-0000-000000000000','present'),
  ('b2222222-2222-2222-2222-222222222222','a1100005-0000-0000-0000-000000000000','absent'),
  ('b2222222-2222-2222-2222-222222222222','a1100006-0000-0000-0000-000000000000','present'),

  -- ── Дилноза, Химия 9Б (H) — 3 present + 3 absent = 50% ──────────
  ('b2222222-2222-2222-2222-222222222222','a2100001-0000-0000-0000-000000000000','present'),
  ('b2222222-2222-2222-2222-222222222222','a2100002-0000-0000-0000-000000000000','absent'),
  ('b2222222-2222-2222-2222-222222222222','a2100003-0000-0000-0000-000000000000','absent'),
  ('b2222222-2222-2222-2222-222222222222','a2100004-0000-0000-0000-000000000000','present'),
  ('b2222222-2222-2222-2222-222222222222','a2100005-0000-0000-0000-000000000000','absent'),
  ('b2222222-2222-2222-2222-222222222222','a2100006-0000-0000-0000-000000000000','present');

-- =====================================================================
-- ДЗ + СДАЧА (6 заданий на ученика в разных статусах)
-- presenter homeworkCategory:
--   graded submission        → completed
--   submitted/checking sub.  → review
--   нет сдачи + due прошло   → overdue
--   нет сдачи + due будущее  → active
-- =====================================================================

insert into public.homework (id, group_id, lesson_id, title, description, due_date) values

  -- ── Адилбек, Робототехника — active (future due, no submission) ───
  ('40aa0001-0000-0000-0000-000000000000','a0000000-0000-0000-0000-000000000000',
   'aa000006-0000-0000-0000-000000000000',
   'Автономный мини-робот',
   'Соберите схему с датчиком препятствий и реализуйте алгоритм объезда.',
   '2026-06-20T23:59:00Z'),

  -- ── Адилбек, Робототехника — overdue (past due, no submission) ────
  ('40aa0002-0000-0000-0000-000000000000','a0000000-0000-0000-0000-000000000000',
   'aa000005-0000-0000-0000-000000000000',
   'Схема светофора',
   'Реализуйте управление светодиодами через конечный автомат.',
   '2026-06-06T23:59:00Z'),

  -- ── Адилбек, Математика 7А — completed (graded submission) ───────
  ('40cc0001-0000-0000-0000-000000000000','c0000000-0000-0000-0000-000000000000',
   'cc000005-0000-0000-0000-000000000000',
   'Системы уравнений §7',
   'Решить задачи 1–15 из параграфа 7.',
   '2026-06-03T23:59:00Z'),

  -- ── Адилбек, Математика 7А — review (submitted, not graded) ──────
  ('40cc0002-0000-0000-0000-000000000000','c0000000-0000-0000-0000-000000000000',
   'cc000006-0000-0000-0000-000000000000',
   'Задачи на проценты',
   'Параграф 8, задачи 1–20.',
   '2026-06-17T23:59:00Z'),

  -- ── Адилбек, Английский 7А — active ──────────────────────────────
  ('40dd0001-0000-0000-0000-000000000000','d0000000-0000-0000-0000-000000000000',
   'dd000006-0000-0000-0000-000000000000',
   'Essay: My future profession',
   'Write a 200-word essay about your dream career.',
   '2026-06-18T23:59:00Z'),

  -- ── Адилбек, Информатика 7А — overdue ────────────────────────────
  ('40ee0001-0000-0000-0000-000000000000','e0000000-0000-0000-0000-000000000000',
   'ee000005-0000-0000-0000-000000000000',
   'Алгоритм Дейкстры — реализация',
   'Реализуйте алгоритм на Python и протестируйте на примере.',
   '2026-06-10T23:59:00Z'),

  -- ── Дилноза, Математика 9Б — active ─────────────────────────────
  ('40bb0001-0000-0000-0000-000000000000','b0000000-0000-0000-0000-000000000000',
   'bb000006-0000-0000-0000-000000000000',
   'Функции и пределы §4',
   'Изучить §4, решить задачи 1–10.',
   '2026-06-21T23:59:00Z'),

  -- ── Дилноза, Математика 9Б — overdue ────────────────────────────
  ('40bb0002-0000-0000-0000-000000000000','b0000000-0000-0000-0000-000000000000',
   'bb000005-0000-0000-0000-000000000000',
   'Интегралы — задачи 1–8',
   'Вычислить неопределённые интегралы.',
   '2026-06-08T23:59:00Z'),

  -- ── Дилноза, Английский 9Б — review (submitted) ──────────────────
  ('40ff0001-0000-0000-0000-000000000000','f0000000-0000-0000-0000-000000000000',
   'ff000005-0000-0000-0000-000000000000',
   'Presentation: Climate change',
   'Prepare a 3-minute presentation on environmental problems.',
   '2026-06-05T23:59:00Z'),

  -- ── Дилноза, Английский 9Б — active ─────────────────────────────
  ('40ff0002-0000-0000-0000-000000000000','f0000000-0000-0000-0000-000000000000',
   'ff000006-0000-0000-0000-000000000000',
   'Grammar test preparation',
   'Revise passive voice and conditional sentences.',
   '2026-06-22T23:59:00Z'),

  -- ── Дилноза, Информатика 9Б — completed (graded) ─────────────────
  ('40a10001-0000-0000-0000-000000000000','a1000000-0000-0000-0000-000000000000',
   'a1100006-0000-0000-0000-000000000000',
   'Python ООП: финальный проект',
   'Реализуйте систему управления библиотекой (классы Book, Library, User).',
   '2026-06-04T23:59:00Z'),

  -- ── Дилноза, Химия 9Б — overdue ─────────────────────────────────
  ('40a20001-0000-0000-0000-000000000000','a2000000-0000-0000-0000-000000000000',
   'a2100005-0000-0000-0000-000000000000',
   'Реакции окисления-восстановления',
   'Составить и уравновесить 10 реакций.',
   '2026-06-11T23:59:00Z');

-- ── Сдачи ДЗ ─────────────────────────────────────────────────────────

insert into public.homework_submissions (homework_id, student_id, answer_text, status, grade, teacher_comment) values
  -- Адилбек: Math 7A §7 → completed (graded)
  ('40cc0001-0000-0000-0000-000000000000','a1111111-1111-1111-1111-111111111111',
   'Все задачи решены. Задача №12 — метод подстановки, остальные — метод сложения.',
   'graded', '5', 'Отличная работа, все решено верно! Особенно понравилось решение №12.'),

  -- Адилбек: Math 7A проценты → review
  ('40cc0002-0000-0000-0000-000000000000','a1111111-1111-1111-1111-111111111111',
   'Решения задач 1–20. Задача 17 вызвала затруднения, но справился.',
   'submitted', null, null),

  -- Дилноза: English presentation → review
  ('40ff0001-0000-0000-0000-000000000000','b2222222-2222-2222-2222-222222222222',
   'My presentation covers three issues: global warming, deforestation, plastic pollution.',
   'submitted', null, null),

  -- Дилноза: CS ООП проект → completed (graded)
  ('40a10001-0000-0000-0000-000000000000','b2222222-2222-2222-2222-222222222222',
   'Реализованы классы Book (title, author, year), Library (add/remove/search), User (borrow/return).',
   'graded', '5', 'Молодец! Чистый код, хорошая структура. Метод search особенно хорош.');

-- =====================================================================
-- ОЦЕНКИ
-- =====================================================================

insert into public.grades (student_id, group_id, subject, score, work_type, comment) values
  ('a1111111-1111-1111-1111-111111111111','a0000000-0000-0000-0000-000000000000','robotics',    5,'практика',     'Отличная сборка схемы!'),
  ('a1111111-1111-1111-1111-111111111111','c0000000-0000-0000-0000-000000000000','math',        4,'контрольная',  'Хорошо, одна ошибка в задаче 5'),
  ('a1111111-1111-1111-1111-111111111111','d0000000-0000-0000-0000-000000000000','english',     5,'тест',         'Perfect score!'),
  ('a1111111-1111-1111-1111-111111111111','e0000000-0000-0000-0000-000000000000','informatics', 4,'практика',     'Хорошая реализация цикла'),
  ('b2222222-2222-2222-2222-222222222222','b0000000-0000-0000-0000-000000000000','math',        3,'контрольная',  'Нужно повторить тему интегралов'),
  ('b2222222-2222-2222-2222-222222222222','f0000000-0000-0000-0000-000000000000','english',     5,'тест',         'Excellent vocabulary!'),
  ('b2222222-2222-2222-2222-222222222222','a1000000-0000-0000-0000-000000000000','informatics', 5,'практика',     'Идеальная реализация ООП'),
  ('b2222222-2222-2222-2222-222222222222','a2000000-0000-0000-0000-000000000000','chemistry',   3,'контрольная',  'Повторить ОВР');

-- =====================================================================
-- МАТЕРИАЛЫ
-- =====================================================================

insert into public.course_materials (group_id, title, type) values
  ('a0000000-0000-0000-0000-000000000000','Презентация: основы Arduino',     'presentation'),
  ('a0000000-0000-0000-0000-000000000000','Схемы: датчики и моторы',         'pdf'),
  ('b0000000-0000-0000-0000-000000000000','Конспект: интегралы §4–6',        'pdf'),
  ('b0000000-0000-0000-0000-000000000000','Задачник по высшей математике',   'pdf'),
  ('c0000000-0000-0000-0000-000000000000','Конспект: системы уравнений',     'pdf'),
  ('c0000000-0000-0000-0000-000000000000','Таблица: функции и свойства',     'presentation'),
  ('d0000000-0000-0000-0000-000000000000','Grammar guide: conditionals',     'pdf'),
  ('d0000000-0000-0000-0000-000000000000','Essay writing template',          'pdf'),
  ('e0000000-0000-0000-0000-000000000000','Python cheatsheet',               'pdf'),
  ('e0000000-0000-0000-0000-000000000000','Алгоритмы: визуализация',        'presentation'),
  ('f0000000-0000-0000-0000-000000000000','Academic writing guide',          'pdf'),
  ('f0000000-0000-0000-0000-000000000000','Environment vocabulary list',     'pdf'),
  ('a1000000-0000-0000-0000-000000000000','ООП: паттерны проектирования',   'pdf'),
  ('a1000000-0000-0000-0000-000000000000','Python ООП — примеры кода',      'pdf'),
  ('a2000000-0000-0000-0000-000000000000','Таблица: окислительные реакции', 'pdf'),
  ('a2000000-0000-0000-0000-000000000000','Периодическая таблица',          'pdf');

-- =====================================================================
-- ОБЪЯВЛЕНИЯ
-- =====================================================================

insert into public.announcements (title, body, target_group_id) values
  ('Добро пожаловать в SNR EduOS!',     'Платформа запущена. Олимпиада по информатике — 25 июня.', null),
  ('Робототехника: перенос урока',       'Урок 22 июня переносится на 09:00 в каб. 305.',           'a0000000-0000-0000-0000-000000000000'),
  ('Контрольная по математике',          'Контрольная 24 июня. Тема: функции и свойства.',          'c0000000-0000-0000-0000-000000000000'),
  ('English: mock exam next Tuesday',   'Bring your dictionary. Room 303, 10:00.',                  'f0000000-0000-0000-0000-000000000000');

-- =====================================================================
-- СООБЩЕНИЯ
-- =====================================================================

insert into public.messages (sender_id, recipient_student_id, group_id, body) values
  (null, 'a1111111-1111-1111-1111-111111111111', null, 'Адилбек, поздравляем с отличной оценкой по робототехнике!'),
  (null, null, 'b0000000-0000-0000-0000-000000000000', 'Напоминаем: следующее занятие — определённый интеграл. Повторите материал.');

-- =====================================================================
-- ПЛАТЕЖИ / СПИСАНИЯ
-- =====================================================================

insert into public.payments (student_id, amount, kind, status, note, paid_at) values
  -- Адилбек (active, balance=750 000) — 3 платежа
  ('a1111111-1111-1111-1111-111111111111', 1500000, 'subscription', 'completed', 'Абонемент — май 2026',  '2026-05-01T10:00:00Z'),
  ('a1111111-1111-1111-1111-111111111111',  500000, 'one_time',     'completed', 'Дополнительные материалы', '2026-05-20T14:30:00Z'),
  ('a1111111-1111-1111-1111-111111111111', 1500000, 'subscription', 'completed', 'Абонемент — июнь 2026', '2026-06-02T10:00:00Z'),
  -- Дилноза (debtor, balance=−250 000) — 2 платежа
  ('b2222222-2222-2222-2222-222222222222', 1000000, 'subscription', 'completed', 'Абонемент — май 2026',  '2026-05-01T11:00:00Z'),
  ('b2222222-2222-2222-2222-222222222222',  500000, 'one_time',     'completed', 'Частичное пополнение',  '2026-06-10T09:00:00Z');

insert into public.charges (student_id, lesson_id, amount, note, charged_at) values
  -- Адилбек — за занятия (7 списаний)
  ('a1111111-1111-1111-1111-111111111111', 'aa000001-0000-0000-0000-000000000000', 200000, 'Робототехника 7А', '2026-05-04T06:30:00Z'),
  ('a1111111-1111-1111-1111-111111111111', 'cc000001-0000-0000-0000-000000000000', 150000, 'Математика 7А',   '2026-05-06T06:30:00Z'),
  ('a1111111-1111-1111-1111-111111111111', 'dd000001-0000-0000-0000-000000000000', 175000, 'Английский 7А',   '2026-05-05T10:30:00Z'),
  ('a1111111-1111-1111-1111-111111111111', 'ee000001-0000-0000-0000-000000000000', 150000, 'Информатика 7А',  '2026-05-07T10:30:00Z'),
  ('a1111111-1111-1111-1111-111111111111', 'aa000005-0000-0000-0000-000000000000', 200000, 'Робототехника 7А', '2026-06-01T06:30:00Z'),
  ('a1111111-1111-1111-1111-111111111111', 'cc000005-0000-0000-0000-000000000000', 150000, 'Математика 7А',   '2026-06-03T06:30:00Z'),
  ('a1111111-1111-1111-1111-111111111111', 'ee000005-0000-0000-0000-000000000000', 150000, 'Информатика 7А',  '2026-06-04T10:30:00Z'),
  -- Дилноза — за занятия (8 списаний)
  ('b2222222-2222-2222-2222-222222222222', 'bb000001-0000-0000-0000-000000000000', 200000, 'Математика 9Б',   '2026-05-04T10:30:00Z'),
  ('b2222222-2222-2222-2222-222222222222', 'ff000001-0000-0000-0000-000000000000', 180000, 'Английский 9Б',   '2026-05-05T06:30:00Z'),
  ('b2222222-2222-2222-2222-222222222222', 'a1100001-0000-0000-0000-000000000000', 175000, 'Информатика 9Б',  '2026-05-06T10:30:00Z'),
  ('b2222222-2222-2222-2222-222222222222', 'a2100001-0000-0000-0000-000000000000', 165000, 'Химия 9Б',        '2026-05-07T06:30:00Z'),
  ('b2222222-2222-2222-2222-222222222222', 'bb000005-0000-0000-0000-000000000000', 200000, 'Математика 9Б',   '2026-06-01T10:30:00Z'),
  ('b2222222-2222-2222-2222-222222222222', 'ff000005-0000-0000-0000-000000000000', 180000, 'Английский 9Б',   '2026-06-02T06:30:00Z'),
  ('b2222222-2222-2222-2222-222222222222', 'a1100005-0000-0000-0000-000000000000', 175000, 'Информатика 9Б',  '2026-06-03T10:30:00Z'),
  ('b2222222-2222-2222-2222-222222222222', 'a2100005-0000-0000-0000-000000000000', 165000, 'Химия 9Б',        '2026-06-04T06:30:00Z');

-- =====================================================================
-- НАСТРОЙКИ УВЕДОМЛЕНИЙ
-- =====================================================================

insert into public.notification_settings (student_id) values
  ('a1111111-1111-1111-1111-111111111111'),
  ('b2222222-2222-2222-2222-222222222222');
