-- =====================================================================
-- SEED: тестовые данные для проверки RLS и полноты экранов.
-- Два ученика в РАЗНЫХ группах → проверяем изоляцию (A не видит данные B).
-- Реалистичные данные за май–июнь 2026: посещаемость, ДЗ, оценки.
--
-- Логины: Adilbek_07 / Dilnoza_09   Пароль у обоих: password123
-- =====================================================================

create extension if not exists pgcrypto;

-- =====================================================================
-- AUTH
-- =====================================================================

insert into auth.users (
  instance_id, id, aud, role, email,
  encrypted_password, email_confirmed_at,
  raw_app_meta_data, raw_user_meta_data,
  created_at, updated_at,
  confirmation_token, recovery_token, email_change_token_new, email_change,
  phone_change, phone_change_token, email_change_token_current, reauthentication_token
) values
  ('00000000-0000-0000-0000-000000000000',
   '11111111-1111-1111-1111-111111111111', 'authenticated', 'authenticated',
   'adilbek_07@students.snr.local',
   crypt('password123', gen_salt('bf')), now(),
   '{"provider":"email","providers":["email"]}'::jsonb, '{}'::jsonb,
   now(), now(), '', '', '', '', '', '', '', ''),
  ('00000000-0000-0000-0000-000000000000',
   '22222222-2222-2222-2222-222222222222', 'authenticated', 'authenticated',
   'dilnoza_09@students.snr.local',
   crypt('password123', gen_salt('bf')), now(),
   '{"provider":"email","providers":["email"]}'::jsonb, '{}'::jsonb,
   now(), now(), '', '', '', '', '', '', '', '')
on conflict (id) do nothing;

insert into auth.identities (
  id, user_id, provider_id, identity_data, provider,
  last_sign_in_at, created_at, updated_at
) values
  (gen_random_uuid(), '11111111-1111-1111-1111-111111111111',
   'adilbek_07@students.snr.local',
   '{"sub":"11111111-1111-1111-1111-111111111111","email":"adilbek_07@students.snr.local"}'::jsonb,
   'email', now(), now(), now()),
  (gen_random_uuid(), '22222222-2222-2222-2222-222222222222',
   'dilnoza_09@students.snr.local',
   '{"sub":"22222222-2222-2222-2222-222222222222","email":"dilnoza_09@students.snr.local"}'::jsonb,
   'email', now(), now(), now())
on conflict do nothing;

-- =====================================================================
-- ПРЕПОДАВАТЕЛИ
-- =====================================================================

insert into public.teachers (id, full_name) values
  ('cccccccc-cccc-cccc-cccc-cccccccccccc', 'Иван Петрович'),
  ('dddddddd-dddd-dddd-dddd-dddddddddddd', 'Елена Смирнова'),
  ('eeeeeeee-eeee-eeee-eeee-eeeeeeeeeeee', 'Ахмад Алишер');

-- =====================================================================
-- ГРУППЫ (Адилбек: A,C,D,E  |  Дилноза: B,F,G,H)
-- =====================================================================

insert into public.groups (id, name, subject, teacher_id, course_price, schedule_days) values
  ('a0000000-0000-0000-0000-000000000000', 'Робототехника 7А', 'robotics',    'cccccccc-cccc-cccc-cccc-cccccccccccc', 1500000, 'Пн, Ср'),
  ('b0000000-0000-0000-0000-000000000000', 'Математика 9Б',    'math',        'cccccccc-cccc-cccc-cccc-cccccccccccc', 1200000, 'Пн, Ср'),
  ('c0000000-0000-0000-0000-000000000000', 'Математика 7А',    'math',        'cccccccc-cccc-cccc-cccc-cccccccccccc', 1000000, 'Вт, Чт'),
  ('d0000000-0000-0000-0000-000000000000', 'Английский 7А',    'english',     'dddddddd-dddd-dddd-dddd-dddddddddddd',  800000, 'Вт, Чт'),
  ('e0000000-0000-0000-0000-000000000000', 'Информатика 7А',   'informatics', 'eeeeeeee-eeee-eeee-eeee-eeeeeeeeeeee',  900000, 'Ср, Пт'),
  ('f0000000-0000-0000-0000-000000000000', 'Английский 9Б',    'english',     'dddddddd-dddd-dddd-dddd-dddddddddddd',  900000, 'Вт, Чт'),
  ('a1000000-0000-0000-0000-000000000000', 'Информатика 9Б',   'informatics', 'eeeeeeee-eeee-eeee-eeee-eeeeeeeeeeee', 1100000, 'Ср, Пт'),
  ('a2000000-0000-0000-0000-000000000000', 'Химия 9Б',         'chemistry',   'cccccccc-cccc-cccc-cccc-cccccccccccc', 1000000, 'Пн, Чт');

-- =====================================================================
-- УЧЕНИКИ
-- =====================================================================

insert into public.students (id, user_id, username, full_name, grade, status, balance, curator_id) values
  ('a1111111-1111-1111-1111-111111111111', '11111111-1111-1111-1111-111111111111',
   'Adilbek_07', 'Адилбек Рахимов', '7 класс', 'active', 750000,
   'cccccccc-cccc-cccc-cccc-cccccccccccc'),
  ('b2222222-2222-2222-2222-222222222222', '22222222-2222-2222-2222-222222222222',
   'Dilnoza_09', 'Дилноза Каримова', '9 класс', 'debtor', -250000,
   'cccccccc-cccc-cccc-cccc-cccccccccccc');

-- =====================================================================
-- ЗАЧИСЛЕНИЕ В ГРУППЫ
-- =====================================================================

insert into public.student_groups (student_id, group_id) values
  -- Адилбек: робототехника + математика + английский + информатика
  ('a1111111-1111-1111-1111-111111111111', 'a0000000-0000-0000-0000-000000000000'),
  ('a1111111-1111-1111-1111-111111111111', 'c0000000-0000-0000-0000-000000000000'),
  ('a1111111-1111-1111-1111-111111111111', 'd0000000-0000-0000-0000-000000000000'),
  ('a1111111-1111-1111-1111-111111111111', 'e0000000-0000-0000-0000-000000000000'),
  -- Дилноза: математика + английский + информатика + химия
  ('b2222222-2222-2222-2222-222222222222', 'b0000000-0000-0000-0000-000000000000'),
  ('b2222222-2222-2222-2222-222222222222', 'f0000000-0000-0000-0000-000000000000'),
  ('b2222222-2222-2222-2222-222222222222', 'a1000000-0000-0000-0000-000000000000'),
  ('b2222222-2222-2222-2222-222222222222', 'a2000000-0000-0000-0000-000000000000');

-- =====================================================================
-- УРОКИ  (6 прошлых "completed" + 2 будущих "scheduled" на группу)
-- Расписание (Ташкент UTC+5):
--   A  Робот. пн 10:00  =  05:00 UTC
--   B  Мат9Б  пн 14:00  =  09:00 UTC
--   C  Мат7А  ср 10:00  =  05:00 UTC
--   D  Англ7А вт 14:00  =  09:00 UTC
--   E  Инф7А  чт 14:00  =  09:00 UTC
--   F  Англ9Б вт 10:00  =  05:00 UTC
--   G  Инф9Б  ср 14:00  =  09:00 UTC
--   H  Хим9Б  чт 10:00  =  05:00 UTC
-- =====================================================================

insert into public.lessons (id, group_id, lesson_no, topic, starts_at, ends_at, room, status) values

  -- ── Группа A: Робототехника 7А (пн) ─────────────────────────────
  ('aa000001-0000-0000-0000-000000000000','a0000000-0000-0000-0000-000000000000',1,'Введение в Arduino',              '2026-05-04T05:00:00Z','2026-05-04T06:30:00Z','305','done'),
  ('aa000002-0000-0000-0000-000000000000','a0000000-0000-0000-0000-000000000000',2,'Цифровые сигналы',                '2026-05-11T05:00:00Z','2026-05-11T06:30:00Z','305','done'),
  ('aa000003-0000-0000-0000-000000000000','a0000000-0000-0000-0000-000000000000',3,'Сенсоры и датчики',               '2026-05-18T05:00:00Z','2026-05-18T06:30:00Z','305','done'),
  ('aa000004-0000-0000-0000-000000000000','a0000000-0000-0000-0000-000000000000',4,'Управление мотором',              '2026-05-25T05:00:00Z','2026-05-25T06:30:00Z','305','done'),
  ('aa000005-0000-0000-0000-000000000000','a0000000-0000-0000-0000-000000000000',5,'Протокол I2C',                    '2026-06-01T05:00:00Z','2026-06-01T06:30:00Z','305','done'),
  ('aa000006-0000-0000-0000-000000000000','a0000000-0000-0000-0000-000000000000',6,'Беспроводная связь RF',           '2026-06-08T05:00:00Z','2026-06-08T06:30:00Z','305','done'),
  ('aa000007-0000-0000-0000-000000000000','a0000000-0000-0000-0000-000000000000',7,'Автономный робот',                '2026-06-15T05:00:00Z','2026-06-15T06:30:00Z','305','scheduled'),
  ('aa000008-0000-0000-0000-000000000000','a0000000-0000-0000-0000-000000000000',8,'Практика: объезд препятствий',    '2026-06-22T05:00:00Z','2026-06-22T06:30:00Z','305','scheduled'),

  -- ── Группа B: Математика 9Б (пн) ─────────────────────────────────
  ('bb000001-0000-0000-0000-000000000000','b0000000-0000-0000-0000-000000000000',1,'Тригонометрические функции',      '2026-05-04T09:00:00Z','2026-05-04T10:30:00Z','301','done'),
  ('bb000002-0000-0000-0000-000000000000','b0000000-0000-0000-0000-000000000000',2,'Уравнения тригонометрии',         '2026-05-11T09:00:00Z','2026-05-11T10:30:00Z','301','done'),
  ('bb000003-0000-0000-0000-000000000000','b0000000-0000-0000-0000-000000000000',3,'Производная функции',             '2026-05-18T09:00:00Z','2026-05-18T10:30:00Z','301','done'),
  ('bb000004-0000-0000-0000-000000000000','b0000000-0000-0000-0000-000000000000',4,'Правила дифференцирования',       '2026-05-25T09:00:00Z','2026-05-25T10:30:00Z','301','done'),
  ('bb000005-0000-0000-0000-000000000000','b0000000-0000-0000-0000-000000000000',5,'Интеграл — введение',             '2026-06-01T09:00:00Z','2026-06-01T10:30:00Z','301','done'),
  ('bb000006-0000-0000-0000-000000000000','b0000000-0000-0000-0000-000000000000',6,'Неопределённый интеграл',         '2026-06-08T09:00:00Z','2026-06-08T10:30:00Z','301','done'),
  ('bb000007-0000-0000-0000-000000000000','b0000000-0000-0000-0000-000000000000',7,'Определённый интеграл',           '2026-06-15T09:00:00Z','2026-06-15T10:30:00Z','301','scheduled'),
  ('bb000008-0000-0000-0000-000000000000','b0000000-0000-0000-0000-000000000000',8,'Применение интегралов',           '2026-06-22T09:00:00Z','2026-06-22T10:30:00Z','301','scheduled'),

  -- ── Группа C: Математика 7А (ср) ─────────────────────────────────
  ('cc000001-0000-0000-0000-000000000000','c0000000-0000-0000-0000-000000000000',1,'Уравнения с двумя неизвестными',  '2026-05-06T05:00:00Z','2026-05-06T06:30:00Z','302','done'),
  ('cc000002-0000-0000-0000-000000000000','c0000000-0000-0000-0000-000000000000',2,'Системы уравнений',               '2026-05-13T05:00:00Z','2026-05-13T06:30:00Z','302','done'),
  ('cc000003-0000-0000-0000-000000000000','c0000000-0000-0000-0000-000000000000',3,'Функция и её свойства',           '2026-05-20T05:00:00Z','2026-05-20T06:30:00Z','302','done'),
  ('cc000004-0000-0000-0000-000000000000','c0000000-0000-0000-0000-000000000000',4,'Линейная функция',                '2026-05-27T05:00:00Z','2026-05-27T06:30:00Z','302','done'),
  ('cc000005-0000-0000-0000-000000000000','c0000000-0000-0000-0000-000000000000',5,'Квадратная функция',              '2026-06-03T05:00:00Z','2026-06-03T06:30:00Z','302','done'),
  ('cc000006-0000-0000-0000-000000000000','c0000000-0000-0000-0000-000000000000',6,'Дробно-рациональная функция',     '2026-06-10T05:00:00Z','2026-06-10T06:30:00Z','302','done'),
  ('cc000007-0000-0000-0000-000000000000','c0000000-0000-0000-0000-000000000000',7,'Степенная функция',               '2026-06-17T05:00:00Z','2026-06-17T06:30:00Z','302','scheduled'),
  ('cc000008-0000-0000-0000-000000000000','c0000000-0000-0000-0000-000000000000',8,'Контрольная работа',              '2026-06-24T05:00:00Z','2026-06-24T06:30:00Z','302','scheduled'),

  -- ── Группа D: Английский 7А (вт) ─────────────────────────────────
  ('dd000001-0000-0000-0000-000000000000','d0000000-0000-0000-0000-000000000000',1,'Present Perfect tense',           '2026-05-05T09:00:00Z','2026-05-05T10:30:00Z','303','done'),
  ('dd000002-0000-0000-0000-000000000000','d0000000-0000-0000-0000-000000000000',2,'Reported speech',                 '2026-05-12T09:00:00Z','2026-05-12T10:30:00Z','303','done'),
  ('dd000003-0000-0000-0000-000000000000','d0000000-0000-0000-0000-000000000000',3,'Conditionals types 1 & 2',        '2026-05-19T09:00:00Z','2026-05-19T10:30:00Z','303','done'),
  ('dd000004-0000-0000-0000-000000000000','d0000000-0000-0000-0000-000000000000',4,'Passive voice',                   '2026-05-26T09:00:00Z','2026-05-26T10:30:00Z','303','done'),
  ('dd000005-0000-0000-0000-000000000000','d0000000-0000-0000-0000-000000000000',5,'Vocabulary: Future plans',        '2026-06-02T09:00:00Z','2026-06-02T10:30:00Z','303','done'),
  ('dd000006-0000-0000-0000-000000000000','d0000000-0000-0000-0000-000000000000',6,'Writing: Essay structure',        '2026-06-09T09:00:00Z','2026-06-09T10:30:00Z','303','done'),
  ('dd000007-0000-0000-0000-000000000000','d0000000-0000-0000-0000-000000000000',7,'Speaking: My future career',      '2026-06-16T09:00:00Z','2026-06-16T10:30:00Z','303','scheduled'),
  ('dd000008-0000-0000-0000-000000000000','d0000000-0000-0000-0000-000000000000',8,'Reading comprehension',           '2026-06-23T09:00:00Z','2026-06-23T10:30:00Z','303','scheduled'),

  -- ── Группа E: Информатика 7А (чт) ────────────────────────────────
  ('ee000001-0000-0000-0000-000000000000','e0000000-0000-0000-0000-000000000000',1,'Введение в Python',               '2026-05-07T09:00:00Z','2026-05-07T10:30:00Z','304','done'),
  ('ee000002-0000-0000-0000-000000000000','e0000000-0000-0000-0000-000000000000',2,'Переменные и типы данных',        '2026-05-14T09:00:00Z','2026-05-14T10:30:00Z','304','done'),
  ('ee000003-0000-0000-0000-000000000000','e0000000-0000-0000-0000-000000000000',3,'Условия и циклы',                 '2026-05-21T09:00:00Z','2026-05-21T10:30:00Z','304','done'),
  ('ee000004-0000-0000-0000-000000000000','e0000000-0000-0000-0000-000000000000',4,'Функции',                         '2026-05-28T09:00:00Z','2026-05-28T10:30:00Z','304','done'),
  ('ee000005-0000-0000-0000-000000000000','e0000000-0000-0000-0000-000000000000',5,'Списки и словари',                '2026-06-04T09:00:00Z','2026-06-04T10:30:00Z','304','done'),
  ('ee000006-0000-0000-0000-000000000000','e0000000-0000-0000-0000-000000000000',6,'Алгоритмы сортировки',            '2026-06-11T09:00:00Z','2026-06-11T10:30:00Z','304','done'),
  ('ee000007-0000-0000-0000-000000000000','e0000000-0000-0000-0000-000000000000',7,'Алгоритмы поиска',                '2026-06-18T09:00:00Z','2026-06-18T10:30:00Z','304','scheduled'),
  ('ee000008-0000-0000-0000-000000000000','e0000000-0000-0000-0000-000000000000',8,'Практика: граф Дейкстры',         '2026-06-25T09:00:00Z','2026-06-25T10:30:00Z','304','scheduled'),

  -- ── Группа F: Английский 9Б (вт) ─────────────────────────────────
  ('ff000001-0000-0000-0000-000000000000','f0000000-0000-0000-0000-000000000000',1,'Advanced grammar review',         '2026-05-05T05:00:00Z','2026-05-05T06:30:00Z','303','done'),
  ('ff000002-0000-0000-0000-000000000000','f0000000-0000-0000-0000-000000000000',2,'Reading strategies',              '2026-05-12T05:00:00Z','2026-05-12T06:30:00Z','303','done'),
  ('ff000003-0000-0000-0000-000000000000','f0000000-0000-0000-0000-000000000000',3,'Academic writing',                '2026-05-19T05:00:00Z','2026-05-19T06:30:00Z','303','done'),
  ('ff000004-0000-0000-0000-000000000000','f0000000-0000-0000-0000-000000000000',4,'Presentation skills',             '2026-05-26T05:00:00Z','2026-05-26T06:30:00Z','303','done'),
  ('ff000005-0000-0000-0000-000000000000','f0000000-0000-0000-0000-000000000000',5,'Environment vocabulary',          '2026-06-02T05:00:00Z','2026-06-02T06:30:00Z','303','done'),
  ('ff000006-0000-0000-0000-000000000000','f0000000-0000-0000-0000-000000000000',6,'Debate and discussion',           '2026-06-09T05:00:00Z','2026-06-09T06:30:00Z','303','done'),
  ('ff000007-0000-0000-0000-000000000000','f0000000-0000-0000-0000-000000000000',7,'Mock exam prep',                  '2026-06-16T05:00:00Z','2026-06-16T06:30:00Z','303','scheduled'),
  ('ff000008-0000-0000-0000-000000000000','f0000000-0000-0000-0000-000000000000',8,'Speaking test practice',          '2026-06-23T05:00:00Z','2026-06-23T06:30:00Z','303','scheduled'),

  -- ── Группа G (a1): Информатика 9Б (ср) ───────────────────────────
  ('a1100001-0000-0000-0000-000000000000','a1000000-0000-0000-0000-000000000000',1,'ООП: классы и объекты',           '2026-05-06T09:00:00Z','2026-05-06T10:30:00Z','304','done'),
  ('a1100002-0000-0000-0000-000000000000','a1000000-0000-0000-0000-000000000000',2,'Наследование',                    '2026-05-13T09:00:00Z','2026-05-13T10:30:00Z','304','done'),
  ('a1100003-0000-0000-0000-000000000000','a1000000-0000-0000-0000-000000000000',3,'Полиморфизм',                     '2026-05-20T09:00:00Z','2026-05-20T10:30:00Z','304','done'),
  ('a1100004-0000-0000-0000-000000000000','a1000000-0000-0000-0000-000000000000',4,'Исключения и обработка ошибок',   '2026-05-27T09:00:00Z','2026-05-27T10:30:00Z','304','done'),
  ('a1100005-0000-0000-0000-000000000000','a1000000-0000-0000-0000-000000000000',5,'Работа с файлами',                '2026-06-03T09:00:00Z','2026-06-03T10:30:00Z','304','done'),
  ('a1100006-0000-0000-0000-000000000000','a1000000-0000-0000-0000-000000000000',6,'SQL и базы данных',               '2026-06-10T09:00:00Z','2026-06-10T10:30:00Z','304','done'),
  ('a1100007-0000-0000-0000-000000000000','a1000000-0000-0000-0000-000000000000',7,'Сетевое программирование',        '2026-06-17T09:00:00Z','2026-06-17T10:30:00Z','304','scheduled'),
  ('a1100008-0000-0000-0000-000000000000','a1000000-0000-0000-0000-000000000000',8,'Итоговый проект',                 '2026-06-24T09:00:00Z','2026-06-24T10:30:00Z','304','scheduled'),

  -- ── Группа H (a2): Химия 9Б (чт) ────────────────────────────────
  ('a2100001-0000-0000-0000-000000000000','a2000000-0000-0000-0000-000000000000',1,'Строение атома',                  '2026-05-07T05:00:00Z','2026-05-07T06:30:00Z','306','done'),
  ('a2100002-0000-0000-0000-000000000000','a2000000-0000-0000-0000-000000000000',2,'Периодическая таблица',           '2026-05-14T05:00:00Z','2026-05-14T06:30:00Z','306','done'),
  ('a2100003-0000-0000-0000-000000000000','a2000000-0000-0000-0000-000000000000',3,'Химические связи',                '2026-05-21T05:00:00Z','2026-05-21T06:30:00Z','306','done'),
  ('a2100004-0000-0000-0000-000000000000','a2000000-0000-0000-0000-000000000000',4,'Окислит.-восстановит. реакции',   '2026-05-28T05:00:00Z','2026-05-28T06:30:00Z','306','done'),
  ('a2100005-0000-0000-0000-000000000000','a2000000-0000-0000-0000-000000000000',5,'Кислоты и основания',             '2026-06-04T05:00:00Z','2026-06-04T06:30:00Z','306','done'),
  ('a2100006-0000-0000-0000-000000000000','a2000000-0000-0000-0000-000000000000',6,'Соли и их свойства',              '2026-06-11T05:00:00Z','2026-06-11T06:30:00Z','306','done'),
  ('a2100007-0000-0000-0000-000000000000','a2000000-0000-0000-0000-000000000000',7,'Органическая химия',              '2026-06-18T05:00:00Z','2026-06-18T06:30:00Z','306','scheduled'),
  ('a2100008-0000-0000-0000-000000000000','a2000000-0000-0000-0000-000000000000',8,'Итоговая контрольная',            '2026-06-25T05:00:00Z','2026-06-25T06:30:00Z','306','scheduled');

-- =====================================================================
-- ПОСЕЩАЕМОСТЬ (только прошлые уроки 1–6)
-- Адилбек: ~83% общая  |  Дилноза: ~75% общая
-- late = присутствовал с опозданием (считается как явка)
-- =====================================================================

insert into public.attendance (student_id, lesson_id, status) values

  -- ── Адилбек, Робототехника (A) — 5 present + 1 absent = 83% ─────
  ('a1111111-1111-1111-1111-111111111111','aa000001-0000-0000-0000-000000000000','present'),
  ('a1111111-1111-1111-1111-111111111111','aa000002-0000-0000-0000-000000000000','present'),
  ('a1111111-1111-1111-1111-111111111111','aa000003-0000-0000-0000-000000000000','present'),
  ('a1111111-1111-1111-1111-111111111111','aa000004-0000-0000-0000-000000000000','absent'),
  ('a1111111-1111-1111-1111-111111111111','aa000005-0000-0000-0000-000000000000','present'),
  ('a1111111-1111-1111-1111-111111111111','aa000006-0000-0000-0000-000000000000','present'),

  -- ── Адилбек, Математика 7А (C) — 4 present + 1 late + 1 absent = 83% ─
  ('a1111111-1111-1111-1111-111111111111','cc000001-0000-0000-0000-000000000000','present'),
  ('a1111111-1111-1111-1111-111111111111','cc000002-0000-0000-0000-000000000000','late'),
  ('a1111111-1111-1111-1111-111111111111','cc000003-0000-0000-0000-000000000000','present'),
  ('a1111111-1111-1111-1111-111111111111','cc000004-0000-0000-0000-000000000000','present'),
  ('a1111111-1111-1111-1111-111111111111','cc000005-0000-0000-0000-000000000000','absent'),
  ('a1111111-1111-1111-1111-111111111111','cc000006-0000-0000-0000-000000000000','present'),

  -- ── Адилбек, Английский 7А (D) — 5 present + 1 late = 100% ──────
  ('a1111111-1111-1111-1111-111111111111','dd000001-0000-0000-0000-000000000000','present'),
  ('a1111111-1111-1111-1111-111111111111','dd000002-0000-0000-0000-000000000000','present'),
  ('a1111111-1111-1111-1111-111111111111','dd000003-0000-0000-0000-000000000000','late'),
  ('a1111111-1111-1111-1111-111111111111','dd000004-0000-0000-0000-000000000000','present'),
  ('a1111111-1111-1111-1111-111111111111','dd000005-0000-0000-0000-000000000000','present'),
  ('a1111111-1111-1111-1111-111111111111','dd000006-0000-0000-0000-000000000000','present'),

  -- ── Адилбек, Информатика 7А (E) — 3 present + 1 late + 1 absent + 1 present = 67% ─
  ('a1111111-1111-1111-1111-111111111111','ee000001-0000-0000-0000-000000000000','present'),
  ('a1111111-1111-1111-1111-111111111111','ee000002-0000-0000-0000-000000000000','present'),
  ('a1111111-1111-1111-1111-111111111111','ee000003-0000-0000-0000-000000000000','absent'),
  ('a1111111-1111-1111-1111-111111111111','ee000004-0000-0000-0000-000000000000','late'),
  ('a1111111-1111-1111-1111-111111111111','ee000005-0000-0000-0000-000000000000','present'),
  ('a1111111-1111-1111-1111-111111111111','ee000006-0000-0000-0000-000000000000','present'),

  -- ── Дилноза, Математика 9Б (B) — 3 present + 1 late + 2 absent = 67% ─
  ('b2222222-2222-2222-2222-222222222222','bb000001-0000-0000-0000-000000000000','present'),
  ('b2222222-2222-2222-2222-222222222222','bb000002-0000-0000-0000-000000000000','absent'),
  ('b2222222-2222-2222-2222-222222222222','bb000003-0000-0000-0000-000000000000','late'),
  ('b2222222-2222-2222-2222-222222222222','bb000004-0000-0000-0000-000000000000','absent'),
  ('b2222222-2222-2222-2222-222222222222','bb000005-0000-0000-0000-000000000000','present'),
  ('b2222222-2222-2222-2222-222222222222','bb000006-0000-0000-0000-000000000000','present'),

  -- ── Дилноза, Английский 9Б (F) — 5 present + 1 late = 100% ──────
  ('b2222222-2222-2222-2222-222222222222','ff000001-0000-0000-0000-000000000000','present'),
  ('b2222222-2222-2222-2222-222222222222','ff000002-0000-0000-0000-000000000000','present'),
  ('b2222222-2222-2222-2222-222222222222','ff000003-0000-0000-0000-000000000000','late'),
  ('b2222222-2222-2222-2222-222222222222','ff000004-0000-0000-0000-000000000000','present'),
  ('b2222222-2222-2222-2222-222222222222','ff000005-0000-0000-0000-000000000000','present'),
  ('b2222222-2222-2222-2222-222222222222','ff000006-0000-0000-0000-000000000000','present'),

  -- ── Дилноза, Информатика 9Б (G) — 5 present + 1 absent = 83% ────
  ('b2222222-2222-2222-2222-222222222222','a1100001-0000-0000-0000-000000000000','present'),
  ('b2222222-2222-2222-2222-222222222222','a1100002-0000-0000-0000-000000000000','present'),
  ('b2222222-2222-2222-2222-222222222222','a1100003-0000-0000-0000-000000000000','present'),
  ('b2222222-2222-2222-2222-222222222222','a1100004-0000-0000-0000-000000000000','present'),
  ('b2222222-2222-2222-2222-222222222222','a1100005-0000-0000-0000-000000000000','absent'),
  ('b2222222-2222-2222-2222-222222222222','a1100006-0000-0000-0000-000000000000','present'),

  -- ── Дилноза, Химия 9Б (H) — 3 present + 3 absent = 50% ──────────
  ('b2222222-2222-2222-2222-222222222222','a2100001-0000-0000-0000-000000000000','present'),
  ('b2222222-2222-2222-2222-222222222222','a2100002-0000-0000-0000-000000000000','absent'),
  ('b2222222-2222-2222-2222-222222222222','a2100003-0000-0000-0000-000000000000','absent'),
  ('b2222222-2222-2222-2222-222222222222','a2100004-0000-0000-0000-000000000000','present'),
  ('b2222222-2222-2222-2222-222222222222','a2100005-0000-0000-0000-000000000000','absent'),
  ('b2222222-2222-2222-2222-222222222222','a2100006-0000-0000-0000-000000000000','present');

-- =====================================================================
-- ДЗ + СДАЧА (6 заданий на ученика в разных статусах)
-- presenter homeworkCategory:
--   graded submission        → completed
--   submitted/checking sub.  → review
--   нет сдачи + due прошло   → overdue
--   нет сдачи + due будущее  → active
-- =====================================================================

insert into public.homework (id, group_id, lesson_id, title, description, due_date) values

  -- ── Адилбек, Робототехника — active (future due, no submission) ───
  ('40aa0001-0000-0000-0000-000000000000','a0000000-0000-0000-0000-000000000000',
   'aa000006-0000-0000-0000-000000000000',
   'Автономный мини-робот',
   'Соберите схему с датчиком препятствий и реализуйте алгоритм объезда.',
   '2026-06-20T23:59:00Z'),

  -- ── Адилбек, Робототехника — overdue (past due, no submission) ────
  ('40aa0002-0000-0000-0000-000000000000','a0000000-0000-0000-0000-000000000000',
   'aa000005-0000-0000-0000-000000000000',
   'Схема светофора',
   'Реализуйте управление светодиодами через конечный автомат.',
   '2026-06-06T23:59:00Z'),

  -- ── Адилбек, Математика 7А — completed (graded submission) ───────
  ('40cc0001-0000-0000-0000-000000000000','c0000000-0000-0000-0000-000000000000',
   'cc000005-0000-0000-0000-000000000000',
   'Системы уравнений §7',
   'Решить задачи 1–15 из параграфа 7.',
   '2026-06-03T23:59:00Z'),

  -- ── Адилбек, Математика 7А — review (submitted, not graded) ──────
  ('40cc0002-0000-0000-0000-000000000000','c0000000-0000-0000-0000-000000000000',
   'cc000006-0000-0000-0000-000000000000',
   'Задачи на проценты',
   'Параграф 8, задачи 1–20.',
   '2026-06-17T23:59:00Z'),

  -- ── Адилбек, Английский 7А — active ──────────────────────────────
  ('40dd0001-0000-0000-0000-000000000000','d0000000-0000-0000-0000-000000000000',
   'dd000006-0000-0000-0000-000000000000',
   'Essay: My future profession',
   'Write a 200-word essay about your dream career.',
   '2026-06-18T23:59:00Z'),

  -- ── Адилбек, Информатика 7А — overdue ────────────────────────────
  ('40ee0001-0000-0000-0000-000000000000','e0000000-0000-0000-0000-000000000000',
   'ee000005-0000-0000-0000-000000000000',
   'Алгоритм Дейкстры — реализация',
   'Реализуйте алгоритм на Python и протестируйте на примере.',
   '2026-06-10T23:59:00Z'),

  -- ── Дилноза, Математика 9Б — active ─────────────────────────────
  ('40bb0001-0000-0000-0000-000000000000','b0000000-0000-0000-0000-000000000000',
   'bb000006-0000-0000-0000-000000000000',
   'Функции и пределы §4',
   'Изучить §4, решить задачи 1–10.',
   '2026-06-21T23:59:00Z'),

  -- ── Дилноза, Математика 9Б — overdue ────────────────────────────
  ('40bb0002-0000-0000-0000-000000000000','b0000000-0000-0000-0000-000000000000',
   'bb000005-0000-0000-0000-000000000000',
   'Интегралы — задачи 1–8',
   'Вычислить неопределённые интегралы.',
   '2026-06-08T23:59:00Z'),

  -- ── Дилноза, Английский 9Б — review (submitted) ──────────────────
  ('40ff0001-0000-0000-0000-000000000000','f0000000-0000-0000-0000-000000000000',
   'ff000005-0000-0000-0000-000000000000',
   'Presentation: Climate change',
   'Prepare a 3-minute presentation on environmental problems.',
   '2026-06-05T23:59:00Z'),

  -- ── Дилноза, Английский 9Б — active ─────────────────────────────
  ('40ff0002-0000-0000-0000-000000000000','f0000000-0000-0000-0000-000000000000',
   'ff000006-0000-0000-0000-000000000000',
   'Grammar test preparation',
   'Revise passive voice and conditional sentences.',
   '2026-06-22T23:59:00Z'),

  -- ── Дилноза, Информатика 9Б — completed (graded) ─────────────────
  ('40a10001-0000-0000-0000-000000000000','a1000000-0000-0000-0000-000000000000',
   'a1100006-0000-0000-0000-000000000000',
   'Python ООП: финальный проект',
   'Реализуйте систему управления библиотекой (классы Book, Library, User).',
   '2026-06-04T23:59:00Z'),

  -- ── Дилноза, Химия 9Б — overdue ─────────────────────────────────
  ('40a20001-0000-0000-0000-000000000000','a2000000-0000-0000-0000-000000000000',
   'a2100005-0000-0000-0000-000000000000',
   'Реакции окисления-восстановления',
   'Составить и уравновесить 10 реакций.',
   '2026-06-11T23:59:00Z');

-- ── Сдачи ДЗ ─────────────────────────────────────────────────────────

insert into public.homework_submissions (homework_id, student_id, answer_text, status, grade, teacher_comment) values
  -- Адилбек: Math 7A §7 → completed (graded)
  ('40cc0001-0000-0000-0000-000000000000','a1111111-1111-1111-1111-111111111111',
   'Все задачи решены. Задача №12 — метод подстановки, остальные — метод сложения.',
   'graded', '5', 'Отличная работа, все решено верно! Особенно понравилось решение №12.'),

  -- Адилбек: Math 7A проценты → review
  ('40cc0002-0000-0000-0000-000000000000','a1111111-1111-1111-1111-111111111111',
   'Решения задач 1–20. Задача 17 вызвала затруднения, но справился.',
   'submitted', null, null),

  -- Дилноза: English presentation → review
  ('40ff0001-0000-0000-0000-000000000000','b2222222-2222-2222-2222-222222222222',
   'My presentation covers three issues: global warming, deforestation, plastic pollution.',
   'submitted', null, null),

  -- Дилноза: CS ООП проект → completed (graded)
  ('40a10001-0000-0000-0000-000000000000','b2222222-2222-2222-2222-222222222222',
   'Реализованы классы Book (title, author, year), Library (add/remove/search), User (borrow/return).',
   'graded', '5', 'Молодец! Чистый код, хорошая структура. Метод search особенно хорош.');

-- =====================================================================
-- ОЦЕНКИ
-- =====================================================================

insert into public.grades (student_id, group_id, subject, score, work_type, comment) values
  ('a1111111-1111-1111-1111-111111111111','a0000000-0000-0000-0000-000000000000','robotics',    5,'практика',     'Отличная сборка схемы!'),
  ('a1111111-1111-1111-1111-111111111111','c0000000-0000-0000-0000-000000000000','math',        4,'контрольная',  'Хорошо, одна ошибка в задаче 5'),
  ('a1111111-1111-1111-1111-111111111111','d0000000-0000-0000-0000-000000000000','english',     5,'тест',         'Perfect score!'),
  ('a1111111-1111-1111-1111-111111111111','e0000000-0000-0000-0000-000000000000','informatics', 4,'практика',     'Хорошая реализация цикла'),
  ('b2222222-2222-2222-2222-222222222222','b0000000-0000-0000-0000-000000000000','math',        3,'контрольная',  'Нужно повторить тему интегралов'),
  ('b2222222-2222-2222-2222-222222222222','f0000000-0000-0000-0000-000000000000','english',     5,'тест',         'Excellent vocabulary!'),
  ('b2222222-2222-2222-2222-222222222222','a1000000-0000-0000-0000-000000000000','informatics', 5,'практика',     'Идеальная реализация ООП'),
  ('b2222222-2222-2222-2222-222222222222','a2000000-0000-0000-0000-000000000000','chemistry',   3,'контрольная',  'Повторить ОВР');

-- =====================================================================
-- МАТЕРИАЛЫ
-- =====================================================================

insert into public.course_materials (group_id, title, type) values
  ('a0000000-0000-0000-0000-000000000000','Презентация: основы Arduino',     'presentation'),
  ('a0000000-0000-0000-0000-000000000000','Схемы: датчики и моторы',         'pdf'),
  ('b0000000-0000-0000-0000-000000000000','Конспект: интегралы §4–6',        'pdf'),
  ('b0000000-0000-0000-0000-000000000000','Задачник по высшей математике',   'pdf'),
  ('c0000000-0000-0000-0000-000000000000','Конспект: системы уравнений',     'pdf'),
  ('c0000000-0000-0000-0000-000000000000','Таблица: функции и свойства',     'presentation'),
  ('d0000000-0000-0000-0000-000000000000','Grammar guide: conditionals',     'pdf'),
  ('d0000000-0000-0000-0000-000000000000','Essay writing template',          'pdf'),
  ('e0000000-0000-0000-0000-000000000000','Python cheatsheet',               'pdf'),
  ('e0000000-0000-0000-0000-000000000000','Алгоритмы: визуализация',        'presentation'),
  ('f0000000-0000-0000-0000-000000000000','Academic writing guide',          'pdf'),
  ('f0000000-0000-0000-0000-000000000000','Environment vocabulary list',     'pdf'),
  ('a1000000-0000-0000-0000-000000000000','ООП: паттерны проектирования',   'pdf'),
  ('a1000000-0000-0000-0000-000000000000','Python ООП — примеры кода',      'pdf'),
  ('a2000000-0000-0000-0000-000000000000','Таблица: окислительные реакции', 'pdf'),
  ('a2000000-0000-0000-0000-000000000000','Периодическая таблица',          'pdf');

-- =====================================================================
-- ОБЪЯВЛЕНИЯ
-- =====================================================================

insert into public.announcements (title, body, target_group_id) values
  ('Добро пожаловать в SNR EduOS!',     'Платформа запущена. Олимпиада по информатике — 25 июня.', null),
  ('Робототехника: перенос урока',       'Урок 22 июня переносится на 09:00 в каб. 305.',           'a0000000-0000-0000-0000-000000000000'),
  ('Контрольная по математике',          'Контрольная 24 июня. Тема: функции и свойства.',          'c0000000-0000-0000-0000-000000000000'),
  ('English: mock exam next Tuesday',   'Bring your dictionary. Room 303, 10:00.',                  'f0000000-0000-0000-0000-000000000000');

-- =====================================================================
-- СООБЩЕНИЯ
-- =====================================================================

insert into public.messages (sender_id, recipient_student_id, group_id, body) values
  (null, 'a1111111-1111-1111-1111-111111111111', null, 'Адилбек, поздравляем с отличной оценкой по робототехнике!'),
  (null, null, 'b0000000-0000-0000-0000-000000000000', 'Напоминаем: следующее занятие — определённый интеграл. Повторите материал.');

-- =====================================================================
-- ПЛАТЕЖИ / СПИСАНИЯ
-- =====================================================================

insert into public.payments (student_id, amount, kind, status, note, paid_at) values
  -- Адилбек (active, balance=750 000) — 3 платежа
  ('a1111111-1111-1111-1111-111111111111', 1500000, 'subscription', 'completed', 'Абонемент — май 2026',  '2026-05-01T10:00:00Z'),
  ('a1111111-1111-1111-1111-111111111111',  500000, 'one_time',     'completed', 'Дополнительные материалы', '2026-05-20T14:30:00Z'),
  ('a1111111-1111-1111-1111-111111111111', 1500000, 'subscription', 'completed', 'Абонемент — июнь 2026', '2026-06-02T10:00:00Z'),
  -- Дилноза (debtor, balance=−250 000) — 2 платежа
  ('b2222222-2222-2222-2222-222222222222', 1000000, 'subscription', 'completed', 'Абонемент — май 2026',  '2026-05-01T11:00:00Z'),
  ('b2222222-2222-2222-2222-222222222222',  500000, 'one_time',     'completed', 'Частичное пополнение',  '2026-06-10T09:00:00Z');

insert into public.charges (student_id, lesson_id, amount, note, charged_at) values
  -- Адилбек — за занятия (7 списаний)
  ('a1111111-1111-1111-1111-111111111111', 'aa000001-0000-0000-0000-000000000000', 200000, 'Робототехника 7А', '2026-05-04T06:30:00Z'),
  ('a1111111-1111-1111-1111-111111111111', 'cc000001-0000-0000-0000-000000000000', 150000, 'Математика 7А',   '2026-05-06T06:30:00Z'),
  ('a1111111-1111-1111-1111-111111111111', 'dd000001-0000-0000-0000-000000000000', 175000, 'Английский 7А',   '2026-05-05T10:30:00Z'),
  ('a1111111-1111-1111-1111-111111111111', 'ee000001-0000-0000-0000-000000000000', 150000, 'Информатика 7А',  '2026-05-07T10:30:00Z'),
  ('a1111111-1111-1111-1111-111111111111', 'aa000005-0000-0000-0000-000000000000', 200000, 'Робототехника 7А', '2026-06-01T06:30:00Z'),
  ('a1111111-1111-1111-1111-111111111111', 'cc000005-0000-0000-0000-000000000000', 150000, 'Математика 7А',   '2026-06-03T06:30:00Z'),
  ('a1111111-1111-1111-1111-111111111111', 'ee000005-0000-0000-0000-000000000000', 150000, 'Информатика 7А',  '2026-06-04T10:30:00Z'),
  -- Дилноза — за занятия (8 списаний)
  ('b2222222-2222-2222-2222-222222222222', 'bb000001-0000-0000-0000-000000000000', 200000, 'Математика 9Б',   '2026-05-04T10:30:00Z'),
  ('b2222222-2222-2222-2222-222222222222', 'ff000001-0000-0000-0000-000000000000', 180000, 'Английский 9Б',   '2026-05-05T06:30:00Z'),
  ('b2222222-2222-2222-2222-222222222222', 'a1100001-0000-0000-0000-000000000000', 175000, 'Информатика 9Б',  '2026-05-06T10:30:00Z'),
  ('b2222222-2222-2222-2222-222222222222', 'a2100001-0000-0000-0000-000000000000', 165000, 'Химия 9Б',        '2026-05-07T06:30:00Z'),
  ('b2222222-2222-2222-2222-222222222222', 'bb000005-0000-0000-0000-000000000000', 200000, 'Математика 9Б',   '2026-06-01T10:30:00Z'),
  ('b2222222-2222-2222-2222-222222222222', 'ff000005-0000-0000-0000-000000000000', 180000, 'Английский 9Б',   '2026-06-02T06:30:00Z'),
  ('b2222222-2222-2222-2222-222222222222', 'a1100005-0000-0000-0000-000000000000', 175000, 'Информатика 9Б',  '2026-06-03T10:30:00Z'),
  ('b2222222-2222-2222-2222-222222222222', 'a2100005-0000-0000-0000-000000000000', 165000, 'Химия 9Б',        '2026-06-04T06:30:00Z');

-- =====================================================================
-- НАСТРОЙКИ УВЕДОМЛЕНИЙ
-- =====================================================================

insert into public.notification_settings (student_id) values
  ('a1111111-1111-1111-1111-111111111111'),
  ('b2222222-2222-2222-2222-222222222222');


-- =====================================================================
-- homework_v2: новые группы + 40 заданий + тест-таблицы
-- =====================================================================

-- Новые группы (3)
insert into public.groups (id, name, subject, teacher_id, course_price, schedule_days) values
  ('b1000000-0000-0000-0000-000000000000', 'Программирование 7А', 'programming', 'eeeeeeee-eeee-eeee-eeee-eeeeeeeeeeee', 1100000, 'Пн, Ср'),
  ('b2000000-0000-0000-0000-000000000000', 'Программирование 7Б', 'programming', 'eeeeeeee-eeee-eeee-eeee-eeeeeeeeeeee', 1100000, 'Вт, Чт'),
  ('b3000000-0000-0000-0000-000000000000', 'Робототехника 9Б',   'robotics',    'cccccccc-cccc-cccc-cccc-cccccccccccc', 1500000, 'Пн, Ср');

-- Зачисление учеников в новые группы
insert into public.student_groups (student_id, group_id) values
  ('a1111111-1111-1111-1111-111111111111', 'b1000000-0000-0000-0000-000000000000'),
  ('b2222222-2222-2222-2222-222222222222', 'b2000000-0000-0000-0000-000000000000'),
  ('b2222222-2222-2222-2222-222222222222', 'b3000000-0000-0000-0000-000000000000');

-- 40 заданий (content_type: file/test, source: curriculum)
insert into public.homework (id, group_id, title, description, due_date, content_type, source) values
  -- Адилбек, Программирование 7А — FILE (5)
  ('f1a00001-0000-0000-0000-000000000000','b1000000-0000-0000-0000-000000000000','Переменные и типы данных','Напишите скрипт, определяющий типы 10 значений.','2026-06-20T23:59:00Z','file','curriculum'),
  ('f1a00002-0000-0000-0000-000000000000','b1000000-0000-0000-0000-000000000000','Условные операторы','Задачи 1-8: ветвления if/elif/else.','2026-06-05T23:59:00Z','file','curriculum'),
  ('f1a00003-0000-0000-0000-000000000000','b1000000-0000-0000-0000-000000000000','Циклы for и while','Реализуйте 5 задач с разными видами циклов.','2026-06-25T23:59:00Z','file','curriculum'),
  ('f1a00004-0000-0000-0000-000000000000','b1000000-0000-0000-0000-000000000000','Функции','Функции для каждой задачи из параграфа 5.','2026-06-10T23:59:00Z','file','curriculum'),
  ('f1a00005-0000-0000-0000-000000000000','b1000000-0000-0000-0000-000000000000','Списки и словари','Программа со списком студентов.','2026-06-22T23:59:00Z','file','curriculum'),
  -- Адилбек, Программирование 7А — TEST (5)
  ('f1a00006-0000-0000-0000-000000000000','b1000000-0000-0000-0000-000000000000','Тест: основы Python','Проверка знаний основ языка Python.','2026-06-20T23:59:00Z','test','curriculum'),
  ('f1a00007-0000-0000-0000-000000000000','b1000000-0000-0000-0000-000000000000','Тест: условные операторы','Вопросы по ветвлениям.','2026-06-08T23:59:00Z','test','curriculum'),
  ('f1a00008-0000-0000-0000-000000000000','b1000000-0000-0000-0000-000000000000','Тест: циклы','Вопросы по циклам и итерациям.','2026-06-22T23:59:00Z','test','curriculum'),
  ('f1a00009-0000-0000-0000-000000000000','b1000000-0000-0000-0000-000000000000','Тест: функции','Вопросы по функциям Python.','2026-06-18T23:59:00Z','test','curriculum'),
  ('f1a00010-0000-0000-0000-000000000000','b1000000-0000-0000-0000-000000000000','Тест: структуры данных','Вопросы по спискам и словарям.','2026-06-28T23:59:00Z','test','curriculum'),
  -- Адилбек, Информатика 7А — FILE (5)
  ('f1e00001-0000-0000-0000-000000000000','e0000000-0000-0000-0000-000000000000','Теория алгоритмов','Алгоритм Эйлера для НОД.','2026-06-21T23:59:00Z','file','curriculum'),
  ('f1e00002-0000-0000-0000-000000000000','e0000000-0000-0000-0000-000000000000','Сортировка пузырьком','Реализовать и описать алгоритм.','2026-06-08T23:59:00Z','file','curriculum'),
  ('f1e00003-0000-0000-0000-000000000000','e0000000-0000-0000-0000-000000000000','Двоичная система','Перевести 20 чисел из десятичной в двоичную.','2026-06-24T23:59:00Z','file','curriculum'),
  ('f1e00004-0000-0000-0000-000000000000','e0000000-0000-0000-0000-000000000000','Кодирование информации','Закодировать текст в ASCII и UTF-8.','2026-06-12T23:59:00Z','file','curriculum'),
  ('f1e00005-0000-0000-0000-000000000000','e0000000-0000-0000-0000-000000000000','Реляционные БД','ER-диаграмма для интернет-магазина.','2026-06-26T23:59:00Z','file','curriculum'),
  -- Адилбек, Информатика 7А — TEST (5)
  ('f1e00006-0000-0000-0000-000000000000','e0000000-0000-0000-0000-000000000000','Тест: алгоритмы','Вопросы по теории алгоритмов.','2026-06-18T23:59:00Z','test','curriculum'),
  ('f1e00007-0000-0000-0000-000000000000','e0000000-0000-0000-0000-000000000000','Тест: системы счисления','Вопросы по двоичной системе.','2026-06-11T23:59:00Z','test','curriculum'),
  ('f1e00008-0000-0000-0000-000000000000','e0000000-0000-0000-0000-000000000000','Тест: архитектура ЭВМ','Вопросы по компонентам компьютера.','2026-06-24T23:59:00Z','test','curriculum'),
  ('f1e00009-0000-0000-0000-000000000000','e0000000-0000-0000-0000-000000000000','Тест: сети','Вопросы по OSI-модели.','2026-06-20T23:59:00Z','test','curriculum'),
  ('f1e00010-0000-0000-0000-000000000000','e0000000-0000-0000-0000-000000000000','Тест: SQL','Вопросы по SELECT, WHERE, JOIN.','2026-06-27T23:59:00Z','test','curriculum'),
  -- Дилноза, Программирование 7Б — FILE (5)
  ('f2b00001-0000-0000-0000-000000000000','b2000000-0000-0000-0000-000000000000','Hello World и синтаксис','Первая программа и изучение синтаксиса.','2026-06-20T23:59:00Z','file','curriculum'),
  ('f2b00002-0000-0000-0000-000000000000','b2000000-0000-0000-0000-000000000000','Ввод и вывод данных','Задачи на input() и print().','2026-06-07T23:59:00Z','file','curriculum'),
  ('f2b00003-0000-0000-0000-000000000000','b2000000-0000-0000-0000-000000000000','Строки и методы','Применить 10 методов строк.','2026-06-23T23:59:00Z','file','curriculum'),
  ('f2b00004-0000-0000-0000-000000000000','b2000000-0000-0000-0000-000000000000','Работа с файлами','Чтение и запись текстового файла.','2026-06-11T23:59:00Z','file','curriculum'),
  ('f2b00005-0000-0000-0000-000000000000','b2000000-0000-0000-0000-000000000000','Модули и импорт','Использовать random, math, datetime.','2026-06-25T23:59:00Z','file','curriculum'),
  -- Дилноза, Программирование 7Б — TEST (5)
  ('f2b00006-0000-0000-0000-000000000000','b2000000-0000-0000-0000-000000000000','Тест: синтаксис Python','Проверка базового синтаксиса.','2026-06-21T23:59:00Z','test','curriculum'),
  ('f2b00007-0000-0000-0000-000000000000','b2000000-0000-0000-0000-000000000000','Тест: строки','Вопросы по работе со строками.','2026-06-09T23:59:00Z','test','curriculum'),
  ('f2b00008-0000-0000-0000-000000000000','b2000000-0000-0000-0000-000000000000','Тест: файлы','Вопросы по файловым операциям.','2026-06-23T23:59:00Z','test','curriculum'),
  ('f2b00009-0000-0000-0000-000000000000','b2000000-0000-0000-0000-000000000000','Тест: ООП','Вопросы по классам и объектам.','2026-06-19T23:59:00Z','test','curriculum'),
  ('f2b00010-0000-0000-0000-000000000000','b2000000-0000-0000-0000-000000000000','Тест: исключения','Вопросы по try/except.','2026-06-28T23:59:00Z','test','curriculum'),
  -- Дилноза, Информатика 9Б — FILE (5)
  ('f2a10001-0000-0000-0000-000000000000','a1000000-0000-0000-0000-000000000000','Алгоритмы поиска','Бинарный и линейный поиск.','2026-06-22T23:59:00Z','file','curriculum'),
  ('f2a10002-0000-0000-0000-000000000000','a1000000-0000-0000-0000-000000000000','Теория графов','Реализовать обход BFS.','2026-06-09T23:59:00Z','file','curriculum'),
  ('f2a10003-0000-0000-0000-000000000000','a1000000-0000-0000-0000-000000000000','Шифрование','Описать алгоритм RSA.','2026-06-25T23:59:00Z','file','curriculum'),
  ('f2a10004-0000-0000-0000-000000000000','a1000000-0000-0000-0000-000000000000','Компьютерные сети','Схема локальной сети.','2026-06-13T23:59:00Z','file','curriculum'),
  ('f2a10005-0000-0000-0000-000000000000','a1000000-0000-0000-0000-000000000000','JavaScript DOM','Скрипт управления элементами.','2026-06-27T23:59:00Z','file','curriculum'),
  -- Дилноза, Информатика 9Б — TEST (5)
  ('f2a10006-0000-0000-0000-000000000000','a1000000-0000-0000-0000-000000000000','Тест: алгоритмы поиска','Вопросы по сложности поиска.','2026-06-22T23:59:00Z','test','curriculum'),
  ('f2a10007-0000-0000-0000-000000000000','a1000000-0000-0000-0000-000000000000','Тест: теория графов','Вопросы по обходам графов.','2026-06-10T23:59:00Z','test','curriculum'),
  ('f2a10008-0000-0000-0000-000000000000','a1000000-0000-0000-0000-000000000000','Тест: криптография','Вопросы по шифрованию.','2026-06-26T23:59:00Z','test','curriculum'),
  ('f2a10009-0000-0000-0000-000000000000','a1000000-0000-0000-0000-000000000000','Тест: веб-технологии','Вопросы по HTML, CSS, JS.','2026-06-20T23:59:00Z','test','curriculum'),
  ('f2a10010-0000-0000-0000-000000000000','a1000000-0000-0000-0000-000000000000','Тест: операционные системы','Вопросы по ОС.','2026-06-29T23:59:00Z','test','curriculum');

-- Вопросы тестов (2 на каждый тест: 1 single_choice + 1 open = 40 вопросов)
insert into public.test_questions (id, homework_id, question_text, question_type, order_index) values
  ('aaaa0001-0000-0000-0000-000000000000','f1a00006-0000-0000-0000-000000000000','Какая функция выводит текст на экран в Python?','single_choice',0),
  ('aaaa0002-0000-0000-0000-000000000000','f1a00006-0000-0000-0000-000000000000','Что такое переменная в программировании? Приведите пример.','open',1),
  ('aaaa0003-0000-0000-0000-000000000000','f1a00007-0000-0000-0000-000000000000','Что означает ключевое слово elif в Python?','single_choice',0),
  ('aaaa0004-0000-0000-0000-000000000000','f1a00007-0000-0000-0000-000000000000','Напишите пример условного оператора с тремя ветвями.','open',1),
  ('aaaa0005-0000-0000-0000-000000000000','f1a00008-0000-0000-0000-000000000000','Что делает оператор break внутри цикла?','single_choice',0),
  ('aaaa0006-0000-0000-0000-000000000000','f1a00008-0000-0000-0000-000000000000','Объясните разницу между for и while.','open',1),
  ('aaaa0007-0000-0000-0000-000000000000','f1a00009-0000-0000-0000-000000000000','Что возвращает функция без оператора return?','single_choice',0),
  ('aaaa0008-0000-0000-0000-000000000000','f1a00009-0000-0000-0000-000000000000','Объясните разницу между параметром и аргументом.','open',1),
  ('aaaa0009-0000-0000-0000-000000000000','f1a00010-0000-0000-0000-000000000000','Как добавить элемент в конец списка в Python?','single_choice',0),
  ('aaaa000a-0000-0000-0000-000000000000','f1a00010-0000-0000-0000-000000000000','Чем список отличается от кортежа?','open',1),
  ('aaaa000b-0000-0000-0000-000000000000','f1e00006-0000-0000-0000-000000000000','Какова сложность бинарного поиска?','single_choice',0),
  ('aaaa000c-0000-0000-0000-000000000000','f1e00006-0000-0000-0000-000000000000','Объясните понятие Big O нотации.','open',1),
  ('aaaa000d-0000-0000-0000-000000000000','f1e00007-0000-0000-0000-000000000000','Чему равно 1010 в двоичной системе в десятичной?','single_choice',0),
  ('aaaa000e-0000-0000-0000-000000000000','f1e00007-0000-0000-0000-000000000000','Переведите число 255 в двоичную систему.','open',1),
  ('aaaa000f-0000-0000-0000-000000000000','f1e00008-0000-0000-0000-000000000000','Как называется постоянная память, хранящая прошивку?','single_choice',0),
  ('aaaa0010-0000-0000-0000-000000000000','f1e00008-0000-0000-0000-000000000000','Что такое процессор и его характеристики?','open',1),
  ('aaaa0011-0000-0000-0000-000000000000','f1e00009-0000-0000-0000-000000000000','Сколько уровней в модели OSI?','single_choice',0),
  ('aaaa0012-0000-0000-0000-000000000000','f1e00009-0000-0000-0000-000000000000','Опишите назначение транспортного уровня OSI.','open',1),
  ('aaaa0013-0000-0000-0000-000000000000','f1e00010-0000-0000-0000-000000000000','Какой оператор фильтрует строки в SQL?','single_choice',0),
  ('aaaa0014-0000-0000-0000-000000000000','f1e00010-0000-0000-0000-000000000000','Объясните разницу между INNER JOIN и LEFT JOIN.','open',1),
  ('aaaa0015-0000-0000-0000-000000000000','f2b00006-0000-0000-0000-000000000000','Как обозначается комментарий в Python?','single_choice',0),
  ('aaaa0016-0000-0000-0000-000000000000','f2b00006-0000-0000-0000-000000000000','Что такое отступ (indentation) в Python и зачем он нужен?','open',1),
  ('aaaa0017-0000-0000-0000-000000000000','f2b00007-0000-0000-0000-000000000000','Какой метод переводит строку в верхний регистр?','single_choice',0),
  ('aaaa0018-0000-0000-0000-000000000000','f2b00007-0000-0000-0000-000000000000','Как разбить строку на список слов?','open',1),
  ('aaaa0019-0000-0000-0000-000000000000','f2b00008-0000-0000-0000-000000000000','Какой режим открытия файла позволяет читать и писать?','single_choice',0),
  ('aaaa001a-0000-0000-0000-000000000000','f2b00008-0000-0000-0000-000000000000','Как правильно закрыть файл после работы?','open',1),
  ('aaaa001b-0000-0000-0000-000000000000','f2b00009-0000-0000-0000-000000000000','Как называется метод, вызываемый при создании объекта?','single_choice',0),
  ('aaaa001c-0000-0000-0000-000000000000','f2b00009-0000-0000-0000-000000000000','Объясните наследование в ООП.','open',1),
  ('aaaa001d-0000-0000-0000-000000000000','f2b00010-0000-0000-0000-000000000000','Какой блок всегда выполняется в try/except?','single_choice',0),
  ('aaaa001e-0000-0000-0000-000000000000','f2b00010-0000-0000-0000-000000000000','Что произойдёт, если исключение не обработано?','open',1),
  ('aaaa001f-0000-0000-0000-000000000000','f2a10006-0000-0000-0000-000000000000','Что быстрее для отсортированного массива: линейный или бинарный поиск?','single_choice',0),
  ('aaaa0020-0000-0000-0000-000000000000','f2a10006-0000-0000-0000-000000000000','Опишите алгоритм бинарного поиска своими словами.','open',1),
  ('aaaa0021-0000-0000-0000-000000000000','f2a10007-0000-0000-0000-000000000000','Как называется обход графа, исследующий по уровням?','single_choice',0),
  ('aaaa0022-0000-0000-0000-000000000000','f2a10007-0000-0000-0000-000000000000','Чем отличается BFS от DFS?','open',1),
  ('aaaa0023-0000-0000-0000-000000000000','f2a10008-0000-0000-0000-000000000000','Какой тип шифрования использует два разных ключа?','single_choice',0),
  ('aaaa0024-0000-0000-0000-000000000000','f2a10008-0000-0000-0000-000000000000','Что такое цифровая подпись?','open',1),
  ('aaaa0025-0000-0000-0000-000000000000','f2a10009-0000-0000-0000-000000000000','Какой язык определяет структуру веб-страницы?','single_choice',0),
  ('aaaa0026-0000-0000-0000-000000000000','f2a10009-0000-0000-0000-000000000000','Объясните разницу между HTML, CSS и JavaScript.','open',1),
  ('aaaa0027-0000-0000-0000-000000000000','f2a10010-0000-0000-0000-000000000000','Как называется ядро операционной системы?','single_choice',0),
  ('aaaa0028-0000-0000-0000-000000000000','f2a10010-0000-0000-0000-000000000000','Что такое файловая система и её роль?','open',1);

-- Варианты ответа (4 на каждый single_choice = 80 вариантов)
insert into public.test_question_options (id, question_id, option_text, is_correct, order_index) values
  ('bbbb0001-0000-0000-0000-000000000000','aaaa0001-0000-0000-0000-000000000000','print()',true,0),
  ('bbbb0002-0000-0000-0000-000000000000','aaaa0001-0000-0000-0000-000000000000','write()',false,1),
  ('bbbb0003-0000-0000-0000-000000000000','aaaa0001-0000-0000-0000-000000000000','display()',false,2),
  ('bbbb0004-0000-0000-0000-000000000000','aaaa0001-0000-0000-0000-000000000000','echo()',false,3),
  ('bbbb0005-0000-0000-0000-000000000000','aaaa0003-0000-0000-0000-000000000000','elsif',false,0),
  ('bbbb0006-0000-0000-0000-000000000000','aaaa0003-0000-0000-0000-000000000000','elif',true,1),
  ('bbbb0007-0000-0000-0000-000000000000','aaaa0003-0000-0000-0000-000000000000','elseif',false,2),
  ('bbbb0008-0000-0000-0000-000000000000','aaaa0003-0000-0000-0000-000000000000','else if',false,3),
  ('bbbb0009-0000-0000-0000-000000000000','aaaa0005-0000-0000-0000-000000000000','Пропускает итерацию',false,0),
  ('bbbb000a-0000-0000-0000-000000000000','aaaa0005-0000-0000-0000-000000000000','Завершает цикл',true,1),
  ('bbbb000b-0000-0000-0000-000000000000','aaaa0005-0000-0000-0000-000000000000','Начинает новый цикл',false,2),
  ('bbbb000c-0000-0000-0000-000000000000','aaaa0005-0000-0000-0000-000000000000','Возвращает значение',false,3),
  ('bbbb000d-0000-0000-0000-000000000000','aaaa0007-0000-0000-0000-000000000000','0',false,0),
  ('bbbb000e-0000-0000-0000-000000000000','aaaa0007-0000-0000-0000-000000000000','None',true,1),
  ('bbbb000f-0000-0000-0000-000000000000','aaaa0007-0000-0000-0000-000000000000','False',false,2),
  ('bbbb0010-0000-0000-0000-000000000000','aaaa0007-0000-0000-0000-000000000000','Ошибку',false,3),
  ('bbbb0011-0000-0000-0000-000000000000','aaaa0009-0000-0000-0000-000000000000','list.add()',false,0),
  ('bbbb0012-0000-0000-0000-000000000000','aaaa0009-0000-0000-0000-000000000000','list.append()',true,1),
  ('bbbb0013-0000-0000-0000-000000000000','aaaa0009-0000-0000-0000-000000000000','list.push()',false,2),
  ('bbbb0014-0000-0000-0000-000000000000','aaaa0009-0000-0000-0000-000000000000','list.insert()',false,3),
  ('bbbb0015-0000-0000-0000-000000000000','aaaa000b-0000-0000-0000-000000000000','O(1)',false,0),
  ('bbbb0016-0000-0000-0000-000000000000','aaaa000b-0000-0000-0000-000000000000','O(n)',false,1),
  ('bbbb0017-0000-0000-0000-000000000000','aaaa000b-0000-0000-0000-000000000000','O(log n)',true,2),
  ('bbbb0018-0000-0000-0000-000000000000','aaaa000b-0000-0000-0000-000000000000','O(n2)',false,3),
  ('bbbb0019-0000-0000-0000-000000000000','aaaa000d-0000-0000-0000-000000000000','8',false,0),
  ('bbbb001a-0000-0000-0000-000000000000','aaaa000d-0000-0000-0000-000000000000','10',true,1),
  ('bbbb001b-0000-0000-0000-000000000000','aaaa000d-0000-0000-0000-000000000000','12',false,2),
  ('bbbb001c-0000-0000-0000-000000000000','aaaa000d-0000-0000-0000-000000000000','16',false,3),
  ('bbbb001d-0000-0000-0000-000000000000','aaaa000f-0000-0000-0000-000000000000','RAM',false,0),
  ('bbbb001e-0000-0000-0000-000000000000','aaaa000f-0000-0000-0000-000000000000','ROM',true,1),
  ('bbbb001f-0000-0000-0000-000000000000','aaaa000f-0000-0000-0000-000000000000','CPU',false,2),
  ('bbbb0020-0000-0000-0000-000000000000','aaaa000f-0000-0000-0000-000000000000','GPU',false,3),
  ('bbbb0021-0000-0000-0000-000000000000','aaaa0011-0000-0000-0000-000000000000','4',false,0),
  ('bbbb0022-0000-0000-0000-000000000000','aaaa0011-0000-0000-0000-000000000000','5',false,1),
  ('bbbb0023-0000-0000-0000-000000000000','aaaa0011-0000-0000-0000-000000000000','7',true,2),
  ('bbbb0024-0000-0000-0000-000000000000','aaaa0011-0000-0000-0000-000000000000','9',false,3),
  ('bbbb0025-0000-0000-0000-000000000000','aaaa0013-0000-0000-0000-000000000000','FILTER',false,0),
  ('bbbb0026-0000-0000-0000-000000000000','aaaa0013-0000-0000-0000-000000000000','WHERE',true,1),
  ('bbbb0027-0000-0000-0000-000000000000','aaaa0013-0000-0000-0000-000000000000','HAVING',false,2),
  ('bbbb0028-0000-0000-0000-000000000000','aaaa0013-0000-0000-0000-000000000000','SELECT',false,3),
  ('bbbb0029-0000-0000-0000-000000000000','aaaa0015-0000-0000-0000-000000000000','// комментарий',false,0),
  ('bbbb002a-0000-0000-0000-000000000000','aaaa0015-0000-0000-0000-000000000000','# комментарий',true,1),
  ('bbbb002b-0000-0000-0000-000000000000','aaaa0015-0000-0000-0000-000000000000','/* комментарий */',false,2),
  ('bbbb002c-0000-0000-0000-000000000000','aaaa0015-0000-0000-0000-000000000000','-- комментарий',false,3),
  ('bbbb002d-0000-0000-0000-000000000000','aaaa0017-0000-0000-0000-000000000000','str.toUpper()',false,0),
  ('bbbb002e-0000-0000-0000-000000000000','aaaa0017-0000-0000-0000-000000000000','str.upper()',true,1),
  ('bbbb002f-0000-0000-0000-000000000000','aaaa0017-0000-0000-0000-000000000000','str.capitalize()',false,2),
  ('bbbb0030-0000-0000-0000-000000000000','aaaa0017-0000-0000-0000-000000000000','str.uppercase()',false,3),
  ('bbbb0031-0000-0000-0000-000000000000','aaaa0019-0000-0000-0000-000000000000','r',false,0),
  ('bbbb0032-0000-0000-0000-000000000000','aaaa0019-0000-0000-0000-000000000000','r+',true,1),
  ('bbbb0033-0000-0000-0000-000000000000','aaaa0019-0000-0000-0000-000000000000','w',false,2),
  ('bbbb0034-0000-0000-0000-000000000000','aaaa0019-0000-0000-0000-000000000000','a',false,3),
  ('bbbb0035-0000-0000-0000-000000000000','aaaa001b-0000-0000-0000-000000000000','__new__',false,0),
  ('bbbb0036-0000-0000-0000-000000000000','aaaa001b-0000-0000-0000-000000000000','__init__',true,1),
  ('bbbb0037-0000-0000-0000-000000000000','aaaa001b-0000-0000-0000-000000000000','__create__',false,2),
  ('bbbb0038-0000-0000-0000-000000000000','aaaa001b-0000-0000-0000-000000000000','constructor()',false,3),
  ('bbbb0039-0000-0000-0000-000000000000','aaaa001d-0000-0000-0000-000000000000','else',false,0),
  ('bbbb003a-0000-0000-0000-000000000000','aaaa001d-0000-0000-0000-000000000000','finally',true,1),
  ('bbbb003b-0000-0000-0000-000000000000','aaaa001d-0000-0000-0000-000000000000','always',false,2),
  ('bbbb003c-0000-0000-0000-000000000000','aaaa001d-0000-0000-0000-000000000000','done',false,3),
  ('bbbb003d-0000-0000-0000-000000000000','aaaa001f-0000-0000-0000-000000000000','Линейный',false,0),
  ('bbbb003e-0000-0000-0000-000000000000','aaaa001f-0000-0000-0000-000000000000','Бинарный',true,1),
  ('bbbb003f-0000-0000-0000-000000000000','aaaa001f-0000-0000-0000-000000000000','Одинаково',false,2),
  ('bbbb0040-0000-0000-0000-000000000000','aaaa001f-0000-0000-0000-000000000000','Зависит от данных',false,3),
  ('bbbb0041-0000-0000-0000-000000000000','aaaa0021-0000-0000-0000-000000000000','DFS',false,0),
  ('bbbb0042-0000-0000-0000-000000000000','aaaa0021-0000-0000-0000-000000000000','BFS',true,1),
  ('bbbb0043-0000-0000-0000-000000000000','aaaa0021-0000-0000-0000-000000000000','Dijkstra',false,2),
  ('bbbb0044-0000-0000-0000-000000000000','aaaa0021-0000-0000-0000-000000000000','A*',false,3),
  ('bbbb0045-0000-0000-0000-000000000000','aaaa0023-0000-0000-0000-000000000000','Симметричное',false,0),
  ('bbbb0046-0000-0000-0000-000000000000','aaaa0023-0000-0000-0000-000000000000','Асимметричное',true,1),
  ('bbbb0047-0000-0000-0000-000000000000','aaaa0023-0000-0000-0000-000000000000','Хеширование',false,2),
  ('bbbb0048-0000-0000-0000-000000000000','aaaa0023-0000-0000-0000-000000000000','Стеганография',false,3),
  ('bbbb0049-0000-0000-0000-000000000000','aaaa0025-0000-0000-0000-000000000000','CSS',false,0),
  ('bbbb004a-0000-0000-0000-000000000000','aaaa0025-0000-0000-0000-000000000000','HTML',true,1),
  ('bbbb004b-0000-0000-0000-000000000000','aaaa0025-0000-0000-0000-000000000000','JavaScript',false,2),
  ('bbbb004c-0000-0000-0000-000000000000','aaaa0025-0000-0000-0000-000000000000','PHP',false,3),
  ('bbbb004d-0000-0000-0000-000000000000','aaaa0027-0000-0000-0000-000000000000','Загрузчик',false,0),
  ('bbbb004e-0000-0000-0000-000000000000','aaaa0027-0000-0000-0000-000000000000','Ядро (Kernel)',true,1),
  ('bbbb004f-0000-0000-0000-000000000000','aaaa0027-0000-0000-0000-000000000000','Оболочка (Shell)',false,2),
  ('bbbb0050-0000-0000-0000-000000000000','aaaa0027-0000-0000-0000-000000000000','Драйвер',false,3);

-- Пред-заполненные сдачи тестов (2)
-- Адилбек: тест «Основы Python» score 1/1
insert into public.test_submissions (id, homework_id, student_id, score, max_score) values
  ('55550001-0000-0000-0000-000000000000','f1a00006-0000-0000-0000-000000000000','a1111111-1111-1111-1111-111111111111',1,1);
insert into public.test_answers (submission_id, question_id, selected_option_id, open_text, is_correct) values
  ('55550001-0000-0000-0000-000000000000','aaaa0001-0000-0000-0000-000000000000','bbbb0001-0000-0000-0000-000000000000',null,true),
  ('55550001-0000-0000-0000-000000000000','aaaa0002-0000-0000-0000-000000000000',null,'Переменная — именованная ячейка памяти. Пример: x = 5',null);

-- Дилноза: тест «Синтаксис Python» score 0/1
insert into public.test_submissions (id, homework_id, student_id, score, max_score) values
  ('55550002-0000-0000-0000-000000000000','f2b00006-0000-0000-0000-000000000000','b2222222-2222-2222-2222-222222222222',0,1);
insert into public.test_answers (submission_id, question_id, selected_option_id, open_text, is_correct) values
  ('55550002-0000-0000-0000-000000000000','aaaa0015-0000-0000-0000-000000000000','bbbb0029-0000-0000-0000-000000000000',null,false),
  ('55550002-0000-0000-0000-000000000000','aaaa0016-0000-0000-0000-000000000000',null,'Отступ определяет блок кода вместо фигурных скобок.',null);

-- Дополнительные сдачи файловых ДЗ
insert into public.homework_submissions (homework_id, student_id, answer_text, status, grade, teacher_comment) values
  ('f1a00001-0000-0000-0000-000000000000','a1111111-1111-1111-1111-111111111111','Скрипт написан, типы определены через type().','graded','5','Отлично!'),
  ('f1a00002-0000-0000-0000-000000000000','a1111111-1111-1111-1111-111111111111','Задачи 1-8 выполнены.','submitted',null,null),
  ('f1e00003-0000-0000-0000-000000000000','a1111111-1111-1111-1111-111111111111','20 чисел переведено, таблица прилагается.','graded','4','Хорошо, в №7 ошибка.'),
  ('f2b00001-0000-0000-0000-000000000000','b2222222-2222-2222-2222-222222222222','print("Hello, World!") запущен.','graded','5','Молодец!'),
  ('f2b00002-0000-0000-0000-000000000000','b2222222-2222-2222-2222-222222222222','3 программы с input() и f-строками.','submitted',null,null),
  ('f2a10001-0000-0000-0000-000000000000','b2222222-2222-2222-2222-222222222222','Сравнительный анализ O(n) vs O(log n).','graded','5','Отличный анализ!');

-- =====================================================================
-- teacher_auth: teacher_ivan account + groups + sample homework
-- =====================================================================

-- Auth user for teacher_ivan
insert into auth.users (
  instance_id, id, aud, role, email,
  encrypted_password, email_confirmed_at,
  raw_app_meta_data, raw_user_meta_data,
  created_at, updated_at,
  confirmation_token, recovery_token, email_change_token_new, email_change,
  phone_change, phone_change_token, email_change_token_current, reauthentication_token
) values
  ('00000000-0000-0000-0000-000000000000',
   'ffffffff-ffff-ffff-ffff-ffffffffffff', 'authenticated', 'authenticated',
   'teacher_ivan@teachers.snr.local',
   crypt('password123', gen_salt('bf')), now(),
   '{"provider":"email","providers":["email"]}'::jsonb, '{}'::jsonb,
   now(), now(), '', '', '', '', '', '', '', '')
on conflict (id) do nothing;

insert into auth.identities (
  id, user_id, provider_id, identity_data, provider,
  last_sign_in_at, created_at, updated_at
) values
  (gen_random_uuid(), 'ffffffff-ffff-ffff-ffff-ffffffffffff',
   'teacher_ivan@teachers.snr.local',
   '{"sub":"ffffffff-ffff-ffff-ffff-ffffffffffff","email":"teacher_ivan@teachers.snr.local"}'::jsonb,
   'email', now(), now(), now())
on conflict do nothing;

-- Bind existing teacher Ivan to the new auth user and give him a username (Latin)
update public.teachers
  set user_id   = 'ffffffff-ffff-ffff-ffff-ffffffffffff',
      username  = 'teacher_ivan',
      full_name = 'Ivan Petrovich'
  where id = 'cccccccc-cccc-cccc-cccc-cccccccccccc';

-- Teacher Ivan's dedicated Programming groups (Latin names to avoid encoding risk)
insert into public.groups (id, name, subject, teacher_id, course_price, schedule_days) values
  ('c1000000-0000-0000-0000-000000000000', 'Programming 7A', 'programming',
   'cccccccc-cccc-cccc-cccc-cccccccccccc', 1100000, 'Mon, Wed'),
  ('c2000000-0000-0000-0000-000000000000', 'Programming 7B', 'programming',
   'cccccccc-cccc-cccc-cccc-cccccccccccc', 1100000, 'Tue, Thu');

-- Enroll students in teacher's groups
insert into public.student_groups (student_id, group_id) values
  ('a1111111-1111-1111-1111-111111111111', 'c1000000-0000-0000-0000-000000000000'),
  ('b2222222-2222-2222-2222-222222222222', 'c2000000-0000-0000-0000-000000000000');

-- Teacher-created homework samples (Latin titles, source='teacher')
-- Group c1 (Programming 7A) — for Adilbek
insert into public.homework (id, group_id, title, description, due_date, content_type, source, teacher_id) values
  ('e1c10001-0000-0000-0000-000000000000','c1000000-0000-0000-0000-000000000000',
   'Lab: Variables and Types',
   'Write a script that declares 5 variables of different types and prints their values and types.',
   '2026-06-22T23:59:00Z','file','teacher','cccccccc-cccc-cccc-cccc-cccccccccccc'),
  ('e1c10002-0000-0000-0000-000000000000','c1000000-0000-0000-0000-000000000000',
   'Quiz: Control Flow',
   'Test your knowledge of if/elif/else and loops.',
   '2026-06-20T23:59:00Z','test','teacher','cccccccc-cccc-cccc-cccc-cccccccccccc'),
  ('e1c10003-0000-0000-0000-000000000000','c1000000-0000-0000-0000-000000000000',
   'Project: Simple Calculator',
   'Build a command-line calculator supporting +, -, *, /.',
   '2026-06-28T23:59:00Z','file','teacher','cccccccc-cccc-cccc-cccc-cccccccccccc');

-- Group a0 (Robotics 7A) — teacher-created
insert into public.homework (id, group_id, title, description, due_date, content_type, source, teacher_id) values
  ('e1a00001-0000-0000-0000-000000000000','a0000000-0000-0000-0000-000000000000',
   'Lab: Autonomous Navigation',
   'Program the robot to navigate a 1m x 1m grid autonomously using ultrasonic sensor.',
   '2026-06-25T23:59:00Z','file','teacher','cccccccc-cccc-cccc-cccc-cccccccccccc'),
  ('e1a00002-0000-0000-0000-000000000000','a0000000-0000-0000-0000-000000000000',
   'Quiz: Digital Signals',
   'Questions on digital vs analog signals and PWM.',
   '2026-06-19T23:59:00Z','test','teacher','cccccccc-cccc-cccc-cccc-cccccccccccc');

-- Group c0 (Math 7A) — teacher-created
insert into public.homework (id, group_id, title, description, due_date, content_type, source, teacher_id) values
  ('e1c00001-0000-0000-0000-000000000000','c0000000-0000-0000-0000-000000000000',
   'Problem Set: Linear Functions',
   'Solve problems 1-12 on linear function properties.',
   '2026-06-23T23:59:00Z','file','teacher','cccccccc-cccc-cccc-cccc-cccccccccccc'),
  ('e1c00002-0000-0000-0000-000000000000','c0000000-0000-0000-0000-000000000000',
   'Quiz: Equations Review',
   'Quick test on systems of equations (10 questions).',
   '2026-06-18T23:59:00Z','test','teacher','cccccccc-cccc-cccc-cccc-cccccccccccc');

-- Group c2 (Programming 7B) — for Dilnoza
insert into public.homework (id, group_id, title, description, due_date, content_type, source, teacher_id) values
  ('e2c20001-0000-0000-0000-000000000000','c2000000-0000-0000-0000-000000000000',
   'Lab: Hello World',
   'Write your first Python program and add 3 comments explaining what it does.',
   '2026-06-21T23:59:00Z','file','teacher','cccccccc-cccc-cccc-cccc-cccccccccccc'),
  ('e2c20002-0000-0000-0000-000000000000','c2000000-0000-0000-0000-000000000000',
   'Quiz: Python Basics',
   'Test covering syntax, data types, and basic I/O.',
   '2026-06-19T23:59:00Z','test','teacher','cccccccc-cccc-cccc-cccc-cccccccccccc');

-- Group b0 (Math 9B) — for Dilnoza
insert into public.homework (id, group_id, title, description, due_date, content_type, source, teacher_id) values
  ('e2b00001-0000-0000-0000-000000000000','b0000000-0000-0000-0000-000000000000',
   'Problem Set: Integrals Practice',
   'Compute the 15 definite integrals on the handout.',
   '2026-06-24T23:59:00Z','file','teacher','cccccccc-cccc-cccc-cccc-cccccccccccc'),
  ('e2b00002-0000-0000-0000-000000000000','b0000000-0000-0000-0000-000000000000',
   'Quiz: Derivatives and Integrals',
   'Assessment covering differentiation rules and basic integration.',
   '2026-06-21T23:59:00Z','test','teacher','cccccccc-cccc-cccc-cccc-cccccccccccc');

-- Quiz questions for teacher-created tests (c1 Quiz + a0 Quiz + c0 Quiz + c2 Quiz + b0 Quiz)
insert into public.test_questions (id, homework_id, question_text, question_type, order_index) values
  -- e1c10002: Quiz Control Flow (c1)
  ('ec000001-0000-0000-0000-000000000000','e1c10002-0000-0000-0000-000000000000',
   'Which keyword is used to exit a loop early in Python?','single_choice',0),
  ('ec000002-0000-0000-0000-000000000000','e1c10002-0000-0000-0000-000000000000',
   'Describe a real-life situation where you would use a while loop instead of a for loop.','open',1),
  ('ec000003-0000-0000-0000-000000000000','e1c10002-0000-0000-0000-000000000000',
   'What does the continue statement do inside a loop?','single_choice',2),
  -- e1a00002: Quiz Digital Signals (a0)
  ('ec000004-0000-0000-0000-000000000000','e1a00002-0000-0000-0000-000000000000',
   'What does PWM stand for?','single_choice',0),
  ('ec000005-0000-0000-0000-000000000000','e1a00002-0000-0000-0000-000000000000',
   'Explain the difference between analog and digital signals.','open',1),
  -- e1c00002: Quiz Equations (c0)
  ('ec000006-0000-0000-0000-000000000000','e1c00002-0000-0000-0000-000000000000',
   'How many solutions does a system of 2 linear equations with 2 unknowns typically have?','single_choice',0),
  ('ec000007-0000-0000-0000-000000000000','e1c00002-0000-0000-0000-000000000000',
   'Solve the system: x + y = 5, x - y = 1. Show your steps.','open',1),
  -- e2c20002: Quiz Python Basics (c2)
  ('ec000008-0000-0000-0000-000000000000','e2c20002-0000-0000-0000-000000000000',
   'What function is used to get user input in Python?','single_choice',0),
  ('ec000009-0000-0000-0000-000000000000','e2c20002-0000-0000-0000-000000000000',
   'What is the purpose of a comment in code?','open',1),
  -- e2b00002: Quiz Derivatives (b0)
  ('ec000010-0000-0000-0000-000000000000','e2b00002-0000-0000-0000-000000000000',
   'What is the derivative of x^2?','single_choice',0),
  ('ec000011-0000-0000-0000-000000000000','e2b00002-0000-0000-0000-000000000000',
   'Explain the geometric meaning of a derivative.','open',1);

insert into public.test_question_options (id, question_id, option_text, is_correct, order_index) values
  -- ec000001 (break/continue/exit)
  ('ed000001-0000-0000-0000-000000000000','ec000001-0000-0000-0000-000000000000','continue',false,0),
  ('ed000002-0000-0000-0000-000000000000','ec000001-0000-0000-0000-000000000000','break',true,1),
  ('ed000003-0000-0000-0000-000000000000','ec000001-0000-0000-0000-000000000000','exit',false,2),
  ('ed000004-0000-0000-0000-000000000000','ec000001-0000-0000-0000-000000000000','stop',false,3),
  -- ec000003 (continue)
  ('ed000005-0000-0000-0000-000000000000','ec000003-0000-0000-0000-000000000000','Exits the loop completely',false,0),
  ('ed000006-0000-0000-0000-000000000000','ec000003-0000-0000-0000-000000000000','Skips the current iteration',true,1),
  ('ed000007-0000-0000-0000-000000000000','ec000003-0000-0000-0000-000000000000','Pauses the loop',false,2),
  ('ed000008-0000-0000-0000-000000000000','ec000003-0000-0000-0000-000000000000','Restarts the loop from the beginning',false,3),
  -- ec000004 (PWM)
  ('ed000009-0000-0000-0000-000000000000','ec000004-0000-0000-0000-000000000000','Pulse Width Modulation',true,0),
  ('ed000010-0000-0000-0000-000000000000','ec000004-0000-0000-0000-000000000000','Power Wave Management',false,1),
  ('ed000011-0000-0000-0000-000000000000','ec000004-0000-0000-0000-000000000000','Parallel Wire Module',false,2),
  ('ed000012-0000-0000-0000-000000000000','ec000004-0000-0000-0000-000000000000','Protocol for Wireless Mode',false,3),
  -- ec000006 (linear equations solutions)
  ('ed000013-0000-0000-0000-000000000000','ec000006-0000-0000-0000-000000000000','0',false,0),
  ('ed000014-0000-0000-0000-000000000000','ec000006-0000-0000-0000-000000000000','1',true,1),
  ('ed000015-0000-0000-0000-000000000000','ec000006-0000-0000-0000-000000000000','2',false,2),
  ('ed000016-0000-0000-0000-000000000000','ec000006-0000-0000-0000-000000000000','Infinite',false,3),
  -- ec000008 (input())
  ('ed000017-0000-0000-0000-000000000000','ec000008-0000-0000-0000-000000000000','read()',false,0),
  ('ed000018-0000-0000-0000-000000000000','ec000008-0000-0000-0000-000000000000','input()',true,1),
  ('ed000019-0000-0000-0000-000000000000','ec000008-0000-0000-0000-000000000000','get()',false,2),
  ('ed000020-0000-0000-0000-000000000000','ec000008-0000-0000-0000-000000000000','scan()',false,3),
  -- ec000010 (derivative of x^2)
  ('ed000021-0000-0000-0000-000000000000','ec000010-0000-0000-0000-000000000000','x',false,0),
  ('ed000022-0000-0000-0000-000000000000','ec000010-0000-0000-0000-000000000000','2x',true,1),
  ('ed000023-0000-0000-0000-000000000000','ec000010-0000-0000-0000-000000000000','2',false,2),
  ('ed000024-0000-0000-0000-000000000000','ec000010-0000-0000-0000-000000000000','x^3/3',false,3);

-- Pre-submitted homework from Adilbek for teacher grading demo
insert into public.homework_submissions (homework_id, student_id, answer_text, status, grade, teacher_comment) values
  ('e1c10001-0000-0000-0000-000000000000','a1111111-1111-1111-1111-111111111111',
   'x = 42 (int), name = "Alice" (str), pi = 3.14 (float), active = True (bool), items = [1,2,3] (list). Used type() to verify.',
   'submitted', null, null);

-- =====================================================================
-- МАТЕРИАЛЫ — migration 20: filled records with uploaded_by + subject
-- =====================================================================

-- Set uploaded_by for all existing materials based on group's teacher
update public.course_materials cm
set uploaded_by = g.teacher_id
from public.groups g
where g.id = cm.group_id
  and cm.uploaded_by is null
  and g.teacher_id is not null;

-- New materials with explicit IDs, storage_path (for RLS tests + demo)
-- Note: actual files not uploaded; storage_path is a valid path format.
-- Teachers upload real files through the /teacher/materials UI.
insert into public.course_materials
  (id, group_id, title, description, subject, file_type, storage_path, file_size_bytes, uploaded_by, type)
values
  -- Ivan's material for Robotics 7A (a0 — Adilbek's group)
  ('ea000001-0000-0000-0000-000000000000','a0000000-0000-0000-0000-000000000000',
   'Lab 3: Ultrasonic Sensors',
   'Connecting HC-SR04 to Arduino and measuring distance.',
   'robotics','application/pdf',
   'cccccccc-cccc-cccc-cccc-cccccccccccc/a0000000-0000-0000-0000-000000000000/ea000001-0000-0000-0000-000000000000/lab3_sensors.pdf',
   245760,'cccccccc-cccc-cccc-cccc-cccccccccccc','pdf'),
  -- Ivan's material for Math 7A (c0 — Adilbek's group)
  ('ea000002-0000-0000-0000-000000000000','c0000000-0000-0000-0000-000000000000',
   'Quadratic Equations Cheatsheet',
   'All formulas for solving quadratic equations.',
   'math','application/pdf',
   'cccccccc-cccc-cccc-cccc-cccccccccccc/c0000000-0000-0000-0000-000000000000/ea000002-0000-0000-0000-000000000000/quadratic_cheatsheet.pdf',
   102400,'cccccccc-cccc-cccc-cccc-cccccccccccc','pdf'),
  -- Ahmad's material for Informatics 7A (e0 — Adilbek's group)
  ('ea000003-0000-0000-0000-000000000000','e0000000-0000-0000-0000-000000000000',
   'Python Quick Reference',
   'Core Python 3 syntax: loops, functions, lists, dicts.',
   'informatics','application/pdf',
   'eeeeeeee-eeee-eeee-eeee-eeeeeeeeeeee/e0000000-0000-0000-0000-000000000000/ea000003-0000-0000-0000-000000000000/python_quick_ref.pdf',
   307200,'eeeeeeee-eeee-eeee-eeee-eeeeeeeeeeee','pdf'),
  -- Ivan's material for Math 9B (b0 — Dilnoza's group ONLY, not Adilbek)
  ('eb000001-0000-0000-0000-000000000000','b0000000-0000-0000-0000-000000000000',
   'Integration Formulas Table',
   'Complete table of indefinite integral formulas.',
   'math','application/pdf',
   'cccccccc-cccc-cccc-cccc-cccccccccccc/b0000000-0000-0000-0000-000000000000/eb000001-0000-0000-0000-000000000000/integration_table.pdf',
   184320,'cccccccc-cccc-cccc-cccc-cccccccccccc','pdf')
on conflict (id) do nothing;

-- =====================================================================
-- BOOKS (migration 21 seed) — file_storage_path is a dummy placeholder;
-- no real file exists in Storage. cover_storage_path intentionally NULL.
-- uploaded_by = teacher_ivan (cccccccc-cccc-cccc-cccc-cccccccccccc)
-- =====================================================================

insert into public.books
  (id, title, author, subject, book_type, description,
   file_storage_path, file_size_bytes, uploaded_by)
values
  ('fa000001-0000-0000-0000-000000000000',
   'Algebra Grade 7', 'I.F. Sharygin',
   'math', 'Учебник',
   'Core textbook for algebra and equations, grade 7.',
   'cccccccc-cccc-cccc-cccc-cccccccccccc/fa000001-0000-0000-0000-000000000000/algebra_7.pdf',
   8388608,
   'cccccccc-cccc-cccc-cccc-cccccccccccc'),

  ('fa000002-0000-0000-0000-000000000000',
   'Physics: Molecular Physics', 'A.V. Savchenko',
   'physics', 'Конспект',
   'Lecture notes on molecular physics and thermodynamics.',
   'cccccccc-cccc-cccc-cccc-cccccccccccc/fa000002-0000-0000-0000-000000000000/physics_molecular.pdf',
   4194304,
   'cccccccc-cccc-cccc-cccc-cccccccccccc'),

  ('fa000003-0000-0000-0000-000000000000',
   'Python Programming', 'Mark Lutz',
   'programming', 'Учебник',
   'Comprehensive introduction to Python programming language.',
   'cccccccc-cccc-cccc-cccc-cccccccccccc/fa000003-0000-0000-0000-000000000000/python_programming.pdf',
   12582912,
   'cccccccc-cccc-cccc-cccc-cccccccccccc'),

  ('fa000004-0000-0000-0000-000000000000',
   'Robotics for Beginners', 'D.E. Zimin',
   'robotics', 'Справочник',
   'Quick reference guide for robotics components and circuits.',
   'cccccccc-cccc-cccc-cccc-cccccccccccc/fa000004-0000-0000-0000-000000000000/robotics_reference.pdf',
   6291456,
   'cccccccc-cccc-cccc-cccc-cccccccccccc'),

  ('fa000005-0000-0000-0000-000000000000',
   'English Grammar Reference', 'Raymond Murphy',
   'english', 'Справочник',
   'Essential English grammar reference for intermediate students.',
   'cccccccc-cccc-cccc-cccc-cccccccccccc/fa000005-0000-0000-0000-000000000000/english_grammar.pdf',
   5242880,
   'cccccccc-cccc-cccc-cccc-cccccccccccc')

on conflict (id) do nothing;
